time,open,high,low,close,volume,rsi,macd,signal_line,macd_hist,bb_upper,bb_lower,volume_sma,vol_ratio,trend,pred_close,signal,returns,strategy_returns
2025-01-29,101335.52,104782.68,101328.01,103733.24,23155.35802,57.143374339226455,1600.500249406672,1682.3539040055932,-81.85365459892114,108871.02345949717,93211.75854050284,31646.0659026,0.7316978385644323,1,102236.66,0,,
2025-01-30,103733.25,106457.44,103278.54,104722.94,19374.07472,60.23734459065668,1656.5098328973545,1677.1850897839458,-20.67525688659134,108937.7342986008,94144.7307013992,31040.6264266,0.6241521821672243,1,101887.766,0,0.00954081835292131,0.0
2025-01-31,104722.94,106012.0,101560.0,102429.56,21983.18193,46.13752575889115,1498.5666879638593,1641.4614094199287,-142.89472145606942,108572.42095805265,95293.00104194734,31787.390308100003,0.6915692580273973,0,97367.88,0,-0.021899499765762886,-0.0
2025-02-01,102429.56,102783.71,100279.51,100635.65,12290.95747,41.34438086154823,1214.6404440648184,1556.0972163489068,-341.4567722840884,107943.33180050494,96531.14919949506,31971.594870599998,0.3844336674396669,0,95982.08,0,-0.01751359666096397,-0.0
2025-02-02,100635.66,101456.6,96150.0,97700.59,34619.49939,41.8799087574917,744.2132108782098,1393.7204152547677,-649.5072043765579,107325.08445956267,97465.84554043732,31571.5916286,1.0965395662421709,0,95416.93,0,-0.029165211334154395,-0.0
2025-02-03,97700.59,102500.01,91231.0,101328.52,75164.7385,48.141294279674476,656.571324924269,1246.290597188668,-589.719272264399,106773.25248576564,98494.44351423436,33937.4976771,2.2147990760885974,1,97822.8,0,0.03713314320824468,0.0
2025-02-04,101328.51,101732.31,96150.0,97763.13,40267.98697,33.061832963001436,296.00515986151004,1056.2335097232365,-760.2283498617264,107089.46818856093,97904.80581143907,34425.3974361,1.169717417053643,0,94063.16,0,-0.03518644109279401,-0.0
2025-02-05,97763.14,99149.0,96155.0,96612.43,26233.30444,34.87539339971114,-81.65670917468378,828.6554659436523,-910.3121751183361,107518.18428017046,97138.60271982955,34345.419999599995,0.763807938301687,0,93698.01,0,-0.011770285996367091,-0.0
2025-02-06,96612.44,99120.0,95676.64,96554.35,23515.20405,34.21936147107675,-381.2482395115949,586.6747248526029,-967.9229643641978,107671.7614581455,96232.71254185449,33562.5875561,0.7006373990293282,0,94030.18,0,-0.0006011648811647952,-0.0
2025-02-07,96554.35,100137.99,95620.34,96506.8,31794.22065,31.326358375308132,-615.4194015759858,346.25589956688515,-961.6753011428709,107619.86302007796,95479.66797992206,33936.907089600005,0.9368626482683616,0,94327.51,0,-0.0004924687494659574,-0.0
2025-02-08,96506.8,96880.0,95688.0,96444.74,10147.24294,31.41275101521036,-796.8241649987758,117.63988665375291,-914.4640516525287,107791.6607525392,94819.1872474608,32274.405087599996,0.3144052667263145,0,94252.07,0,-0.0006430634939713631,-0.0
2025-02-09,96444.75,97323.09,94713.0,96462.75,14120.91613,34.77734589202814,-928.4330917260668,-91.5747090222111,-836.8583827038557,107831.9246718979,94199.1973281021,28503.989307499996,0.4954013972452793,1,94693.125,0,0.00018673905907151678,0.0
2025-02-10,96462.75,98345.0,95256.0,97430.82,20572.87537,38.73870907926316,-943.7401073474466,-262.0077886872583,-681.7323186601883,107124.55725439363,94035.26474560636,27235.582075000002,0.755367567079985,1,95204.66,0,0.010035687350816946,0.0
2025-02-11,97430.82,98478.42,94876.88,95778.2,18647.76379,37.11207420346212,-1076.8108448588027,-424.96839992156725,-651.8424449372355,106889.19208637926,93477.78391362073,27055.535637500005,0.6892402368169525,0,95367.94,0,-0.016961983897908373,-0.0
2025-02-12,95778.21,98119.99,94088.23,97869.99,29151.16625,36.20687627180449,-1001.9307577824075,-540.3608714937354,-461.569886288672,106422.50333984825,93340.43766015174,25815.437934499998,1.1292144771653128,1,95631.586,0,0.021839938524633062,0.0
2025-02-13,97870.0,98083.91,95217.36,96608.14,19921.77616,31.15151627768695,-1032.50640742018,-638.7899786790244,-393.7164287411556,105719.9244787949,93216.78052120509,25631.064734000003,0.7772512131957381,0,95716.73,0,-0.0128931248485874,-0.0
2025-02-14,96608.13,98826.0,96252.82,97500.48,18173.02646,37.754057567169,-973.5114160261874,-705.7342661484571,-267.77714987773027,104892.12831743422,93319.9396825658,26086.2998685,0.6966502168421549,1,96224.055,0,0.009236695789816451,0.0
2025-02-15,97500.47,97972.26,97223.58,97569.66,7349.37683,41.66879068814495,-910.6774892528047,-746.7229107693267,-163.95457848347792,104430.95098274836,93276.08301725166,25963.143090999998,0.28306961157363214,1,96282.46,0,0.0007095349684433927,0.0
2025-02-16,97569.67,97704.47,96046.18,96118.12,8191.4249,45.32287134149983,-966.8629028719151,-790.7509091898445,-176.11199368207065,104042.81670987218,93067.74629012782,23834.807631,0.3436748903878745,0,97862.15,1,-0.014876960727340904,-0.0
2025-02-17,96118.12,97046.59,95205.0,95780.0,16492.0451,29.641895313084802,-1026.8369687800878,-837.9681211078931,-188.86884767219465,103734.82745537389,92820.18354462611,23558.3070035,0.7000522192681256,0,96348.805,1,-0.0035177550289164916,-0.0035177550289164916
2025-02-18,95780.01,96753.91,93388.09,95671.74,23368.19471,39.718018479533804,-1070.7594766137918,-884.5263922090729,-186.23308440471885,102800.02017211843,92948.84082788155,23568.948838,0.9914822621331195,0,96231.19,1,-0.0011302986009604776,-0.0011302986009604776
2025-02-19,95671.74,96899.99,95029.99,96644.37,16438.50954,50.159826262747586,-1015.3805927044159,-910.6972323081416,-104.68336039627434,101214.67955667891,93726.32444332111,23422.170579,0.7018354462305275,1,95825.12,0,0.01016632497746972,0.01016632497746972
2025-02-20,96644.37,98711.36,96415.09,98305.0,17057.39177,57.549387001763705,-827.9493806078535,-894.1476619680841,66.19828136023057,100232.2838733935,94296.2641266065,23175.881071,0.7359975535663206,1,98519.28,1,0.017182894357943512,0.0
2025-02-21,98305.01,99475.0,94871.95,96181.98,32249.2814,48.81193435024709,-841.0239650836738,-883.5229225912021,42.4989575075283,99582.06570363216,94501.11529636785,24173.7972675,1.3340593967567078,0,96742.63,1,-0.02159625654849706,-0.02159625654849706
2025-02-22,96181.99,96980.0,95770.49,96551.01,11268.17708,50.380157815396444,-812.2449761107855,-869.2673332951188,57.02235718433326,99513.80380138214,94454.41919861786,23006.231152,0.489788049400713,1,96105.29,0,0.0038367893861199764,0.0038367893861199764
2025-02-23,96551.01,96650.0,95227.94,96258.0,10884.84913,49.2816843003377,-803.8149992675026,-856.1768664895957,52.36186722209311,98235.99497082132,95225.17602917868,19792.2366835,0.5499554852774303,0,90679.34,0,-0.003034768875022631,-0.0
2025-02-24,96258.0,96500.0,91349.26,91552.88,31550.10299,33.66253194983196,-1163.387239640826,-917.6189411198418,-245.76829852098422,99118.17563948222,93721.9703605178,19356.3424845,1.6299620145316405,0,94035.016,1,-0.04888030085811046,-0.0
2025-02-25,91552.88,92540.69,86050.99,88680.4,78333.11111,31.524806080483117,-1660.9891118462256,-1066.2929752651187,-594.6961365811069,100407.61834103978,91639.32465896022,21961.332818000003,3.5668650786894145,0,97260.0,1,-0.0313750916410277,-0.0313750916410277
2025-02-26,88680.39,89414.15,82256.01,84250.09,56893.54409,18.395666879529514,-2385.3345204191864,-1330.1012842959324,-1055.233236123254,102245.60903324094,88570.90796675906,23630.24982,2.4076573258166256,0,97030.18,1,-0.04995816437454048,-0.04995816437454048
2025-02-27,84250.09,87078.46,82716.49,84708.58,42505.45439,21.318289099197088,-2889.083606675267,-1641.8977487717993,-1247.1858579034679,103132.89907902376,86503.79592097625,24165.811507,1.7589086291469103,1,95202.37,1,0.005442011990729023,0.005442011990729023
2025-02-28,84708.57,85120.0,78258.52,84349.94,83648.03969,17.466005226996344,-3279.4442456887045,-1969.4070481551807,-1310.0371975335238,103706.03208607664,84721.18291392336,27840.8513445,3.0045072492556804,0,98156.27,1,-0.0042338096093689215,-0.0042338096093689215
2025-03-01,84349.95,86558.0,83824.78,86064.53,25785.05464,23.679542383808084,-3411.1333589250135,-2257.7523103091476,-1153.381048615866,103787.4336373327,83599.95936266729,28424.058269999998,0.9071559871946463,1,95225.234,1,0.02032710396711601,0.02032710396711601
2025-03-02,86064.54,95000.0,85050.6,94270.0,54889.09045,46.77012771847409,-2820.867868054018,-2370.3754218581216,-450.49244619589626,103480.9083655074,83590.40263449258,30139.869024000003,1.8211456196539044,1,97620.42,1,0.09534090292481712,0.09534090292481712
2025-03-03,94269.99,94416.46,85117.11,86220.61,59171.10218,36.840434491605,-2968.379088960777,-2489.976155278653,-478.40293368212406,103457.43963481236,82658.11236518764,32166.0359435,1.8395521998400644,0,95902.69,1,-0.08538654927336375,-0.08538654927336375
2025-03-04,86221.16,88967.52,81500.0,87281.98,55609.10706,38.74588253852934,-2965.4551840989734,-2585.0719610427172,-380.38322305625616,102974.46654145962,82082.28445854037,33488.932984,1.6605219129127928,1,95794.375,1,0.012309933784973248,0.012309933784973248
2025-03-05,87281.98,91000.0,86334.53,90606.01,38264.01163,42.38072982149409,-2664.205228049439,-2600.898614444062,-63.30661360537715,102524.65179084339,81931.88620915661,34406.04475750001,1.1121304962454022,1,96701.18,1,0.038083806073143656,0.038083806073143656
2025-03-06,90606.0,92810.64,87836.0,89931.89,34342.44902,39.16496955025056,-2451.597823987264,-2571.0384563527023,119.44063236543843,101883.32646471445,81816.35253528552,35214.5158855,0.9752355855654662,0,96101.56,1,-0.007440124556858829,-0.007440124556858829
2025-03-07,89931.88,91283.02,84667.03,86801.75,57980.35713,38.17007384568354,-2506.7844125540723,-2558.1876475929766,51.40323503890431,101207.28102953805,81415.60697046193,37746.0649005,1.5360636210115763,0,94472.266,1,-0.034805673493573885,-0.034805673493573885
2025-03-08,86801.74,86897.25,85218.47,86222.45,12989.23054,37.04280309892047,-2567.666390347964,-2560.0833961439744,-7.582994203989529,100690.10778869684,80943.21321130315,37985.9551825,0.3419482405429703,0,93571.664,1,-0.006673828580645025,-0.006673828580645025
2025-03-09,86222.46,86500.0,80000.0,80734.37,26115.39345,32.771251054070746,-3023.9003457095823,-2652.8467860570963,-371.053559652486,100615.03734914675,79513.72065085325,38467.1226,0.6789016615971166,0,94089.945,1,-0.0636502442229373,-0.0636502442229373
2025-03-10,80734.48,84123.46,77459.91,78595.86,47633.38405,34.75103636772765,-3517.481588848066,-2825.7737466152907,-691.7078422327754,100582.3691666609,77838.80083333909,39680.382067,1.2004265475461255,0,94539.86,1,-0.026488223045525672,-0.026488223045525672
2025-03-11,78595.86,83617.4,76606.0,82932.99,48770.06853,43.461358097474005,-3518.1233994112845,-2964.2436771744897,-553.8797222367948,99660.59151146586,77389.44048853415,41296.9600165,1.1809602573776412,1,95549.96,1,0.055182677560879245,0.055182677560879245
2025-03-12,82932.99,84539.85,80607.65,83680.12,31933.986,49.292250931856564,-3418.93355413276,-3055.1816525661443,-363.75190156661574,98116.31272992684,77471.23127007316,42040.789727999996,0.7595952932047643,1,90158.17,1,0.009008839546240877,0.009008839546240877
2025-03-13,83680.12,84336.33,79939.9,81115.78,27546.27412,45.76043182989617,-3506.8212416879833,-3145.5095703905126,-361.31167129747064,96977.31047215864,77103.61352784136,41805.639364,0.6589128772832705,0,90005.87,1,-0.030644554525017353,-0.030644554525017353
2025-03-14,81115.78,85309.71,80818.84,83983.2,26858.52755,49.59143085428985,-3306.9752847390773,-3177.802713260226,-129.1725714788513,95356.55976072981,77467.58323927017,42585.15688750001,0.6307016226558453,1,90543.16,1,0.03534971863674374,0.03534971863674374
2025-03-15,83983.19,84676.28,83618.0,84338.44,11324.7332,48.01697637062181,-3084.3762553945853,-3159.117421687098,74.74116629251284,93497.54385251309,78134.64314748689,42607.151091,0.26579418970803115,1,90163.68,1,0.004229893597767154,0.004229893597767154
2025-03-16,84338.44,85117.04,81981.12,82574.53,17596.12531,34.22945616935871,-3015.5364887526957,-3130.401235100218,114.86474634752221,92677.42408928733,78056.92791071265,41909.452207,0.4198605417958905,0,89471.49,1,-0.020914662400679962,-0.020914662400679962
2025-03-17,82574.52,84756.83,82456.0,84010.03,17214.74358,46.37208029089266,-2812.7242899449193,-3066.8658460691586,254.1415561242393,92295.14041093564,77972.17458906437,38853.5338305,0.4430676410310569,1,90306.0,1,0.017384295133135996,0.017384295133135996
2025-03-18,84010.02,84021.74,81134.66,82715.03,17610.89883,42.56193434169874,-2725.0768488283356,-2998.5080466209943,273.4311977926586,92290.79731593005,77823.01168406996,36889.4015675,0.47739724911979625,0,89658.68,1,-0.015414826063030795,-0.015414826063030795
2025-03-19,82715.03,87000.0,82547.16,86845.94,28151.05374,44.03290979419319,-2295.82091235432,-2857.9706197676596,562.1497074133395,92439.03162315821,77888.51337684177,36171.681534999996,0.7782622356873519,1,90015.164,1,0.04994146771149088,0.04994146771149088
2025-03-20,86845.93,87453.67,83655.23,84223.39,22090.30463,41.46843117773163,-2142.5523477395764,-2714.886965362043,572.3346176224668,92435.9038143274,77878.98618567262,33093.794782,0.6675059410840097,0,89312.016,1,-0.030197727147636355,-0.030197727147636355
2025-03-21,84223.38,84850.33,83175.25,84088.79,11956.97443,45.54662861847915,-2008.7909099617536,-2573.6677542819853,564.8768443202316,92338.91053705646,77778.40546294356,32402.390771500002,0.36901519132708355,0,90203.43,1,-0.0015981308755205204,-0.0015981308755205204
2025-03-22,84088.79,84539.17,83625.1,83840.59,5420.22114,46.04716726875399,-1900.8992887972418,-2439.114061185037,538.2147723877952,90394.36670845885,78680.00829154115,29928.947306,0.18110296645526794,0,86098.25,1,-0.0029516419489445944,-0.0029516419489445944
2025-03-23,83840.59,86129.64,83809.75,86082.5,8461.97813,59.94728883449551,-1615.8643230552989,-2274.4641135590896,658.5997905037907,90379.4246276004,78681.13937239959,27393.4911035,0.30890469922319735,1,89873.66,1,0.02674015056430301,0.02674015056430301
2025-03-24,86082.5,88765.43,85519.09,87498.16,30115.62111,67.01542460673943,-1261.201779262541,-2071.81164669978,810.6098674372388,90412.40128630107,78669.78071369893,26118.816806,1.1530239418457064,1,91518.37,1,0.01644538669299811,0.01644538669299811
2025-03-25,87498.16,88539.63,86310.0,87392.87,22643.25248,60.1695301733062,-977.3587973250542,-1852.9210768248347,875.5622794997805,89703.20610771977,79057.66189228022,25337.7788485,0.8936557784085516,0,89848.45,1,-0.0012033395902268929,-0.0012033395902268929
2025-03-26,87392.88,88275.0,85860.0,86909.17,18408.78485,57.45249196486558,-782.4224576608976,-1638.8213529920474,856.3988953311498,89034.89865918175,79423.69734081824,24541.09564,0.7501207411455245,0,89153.91,1,-0.005534776464029556,-0.005534776464029556
2025-03-27,86909.17,87756.39,85800.0,87232.01,17098.03897,65.74503172314084,-595.0244427370199,-1430.061970941042,835.0375282040222,89108.47023558422,79393.15176441579,22496.979732,0.7600148630475728,1,89199.42,1,0.003714682811951864,0.003714682811951864
2025-03-28,87232.01,87515.67,83585.0,84424.38,27182.73169,51.13923815288383,-665.392215172862,-1277.1280197874062,611.7358046145441,88930.6844118794,79391.1305881206,23206.654789499997,1.1713334789768581,0,89606.95,1,-0.0321857767578666,-0.0321857767578666
2025-03-29,84424.38,84624.73,81644.81,82648.54,11696.39864,45.9345231851744,-854.603293689026,-1192.62307456773,338.01978087870407,88808.74817537543,79704.48382462459,22485.705049,0.5201704200295988,0,86954.64,1,-0.02103468216171689,-0.02103468216171689
2025-03-30,82648.53,83534.64,81565.0,82389.99,9864.49508,49.5213759805127,-1013.7315940228727,-1156.8447784587586,143.11318443588584,88261.78750951376,80630.85749048623,20597.2606005,0.4789226718702845,0,86712.71,1,-0.0031283069247198814,-0.0031283069247198814
2025-03-31,82390.0,83943.08,81278.52,82550.01,20569.13885,45.94499713931798,-1114.087138797011,-1148.293250526409,34.20611172939812,88278.29541561706,80576.05158438295,19187.2141165,1.0720232090552226,1,87662.55,1,0.0019422262340362817,0.0019422262340362817
2025-04-01,82550.0,85579.46,82432.74,85158.34,20190.39697,56.3245656586783,-971.9452193032776,-1113.023644281783,141.07842497850538,88348.57647442295,80653.59252557704,18600.034665,1.0855031903780596,1,90071.52,1,0.031596967704788925,0.031596967704788925
2025-04-02,85158.35,88500.0,82320.0,82516.29,39931.457,37.856597541842,-1060.2659921295271,-1102.4721138513319,42.20612172180472,88204.18105351404,80938.03894648596,19219.293809000003,2.077675558573381,0,87250.56,1,-0.0310251468030025,-0.0310251468030025
2025-04-03,82516.28,83998.02,81211.24,83213.09,27337.84135,46.823239685512355,-1061.795190302466,-1094.3367291415586,32.54153883909271,88207.98924208399,80857.21975791601,19243.259499,1.420645049837874,1,87647.69,1,0.008444393222235336,0.008444393222235336
2025-04-04,83213.09,84720.0,81659.0,83889.87,32915.53976,49.39514461553431,-996.9049018020451,-1074.850363673656,77.94546187161086,88196.00944265776,80824.34255734226,20322.799827000003,1.6196360757472905,1,88251.14,1,0.00813309540602325,0.00813309540602325
2025-04-05,83889.87,84266.0,82379.95,83537.99,9360.40468,49.08565033044708,-962.7743919876957,-1052.4351693364638,89.66077734876808,88161.92927277311,80954.7687272269,19911.013795500003,0.47011190771790345,0,86684.33,1,-0.004194546969735313,-0.004194546969735313
2025-04-06,83537.99,83817.63,77153.83,78430.0,27942.71436,30.29063490297402,-1332.537161882603,-1108.4555678456916,-224.08159403691138,88807.19530328216,79751.49969671784,20447.4123345,1.366564820177931,0,86006.55,1,-0.061145713465215135,-0.061145713465215135
2025-04-07,78430.0,81243.58,74508.0,79163.24,78387.53089,27.750929745116892,-1548.5596492716577,-1196.4763841308848,-352.08326514077294,89138.01357055112,79065.50242944888,23486.243937500003,3.337593320524115,1,89448.88,1,0.009348973607038236,0.009348973607038236
2025-04-08,79163.24,80867.99,76239.9,76322.42,35317.32063,24.21455413954878,-1926.7787530748174,-1342.5368579196713,-584.241895155146,89521.45583735294,77629.70816264708,23844.557282,1.4811480964949877,0,86127.01,1,-0.03588559538492875,-0.03588559538492875
2025-04-09,76322.42,83588.0,74620.0,82615.22,75488.28772,42.12857879780332,-1699.156925535135,-1413.8608714427642,-285.2960540923709,89447.65292952562,77542.69407047439,26514.4564365,2.8470614851482394,1,90024.266,1,0.0824502158081466,0.0824502158081466
2025-04-10,82615.22,82753.21,78464.36,79607.3,33284.80718,37.275459644567135,-1741.405158368303,-1479.3697288278722,-262.03542954043087,89462.11194537957,77080.08605462043,27580.848074,1.2068086916941843,0,87483.5,1,-0.036408787630172745,-0.036408787630172745
2025-04-11,79607.3,84300.0,78969.58,83423.84,34435.43797,48.384639626781905,-1450.207219324584,-1473.5372269272148,23.330007602630758,89436.0069456567,77064.51605434329,29031.6089155,1.186136051578419,1,88622.6,1,0.047942085713244875,0.047942085713244875
2025-04-12,83423.83,85905.0,82792.95,85276.9,18470.74437,54.232902735807066,-1057.7116577453126,-1390.3721130908345,332.660455345522,89328.19608362345,77091.76691637657,29532.0472275,0.6254474749993016,1,89434.82,1,0.022212595344448305,0.022212595344448305
2025-04-13,85276.91,86100.0,83034.23,83760.0,24680.04181,52.12042174106713,-859.1534638271405,-1284.128383238096,424.9749194109554,88809.08138703044,77237.06561296956,29260.2682625,0.8434660129767153,0,87247.28,1,-0.017787935537056265,-0.017787935537056265
2025-04-14,83760.0,85799.99,83678.0,84591.58,28659.09348,53.09547440934794,-627.4601385200076,-1152.7947342944783,525.3345957744707,88350.47631384109,77415.54168615889,29561.060312499998,0.9694880081105007,1,87735.73,1,0.009928127984718316,0.009928127984718316
2025-04-15,84591.58,86496.42,83600.0,83643.99,20910.99528,47.582142646159554,-514.3747111309785,-1025.1107296617784,510.7360185307998,87866.61913713865,77572.88086286135,29686.170834,0.704401904743145,0,87440.23,1,-0.011201942320973268,-0.011201942320973268
2025-04-16,83643.99,85500.0,83111.64,84030.38,20867.24519,52.60508411994515,-389.09006333469006,-897.9065963963607,508.8165330616706,87298.61093258423,77820.72606741577,29874.631145000003,0.6984938186757318,1,87294.08,1,0.004619459210398746,0.004619459210398746
2025-04-17,84030.38,85470.01,83736.26,84947.91,13728.84772,52.962362649935024,-213.3052245958679,-760.9863220362621,547.6810974403942,87373.68766005704,77798.00233994296,29201.936946499998,0.47013483198570744,1,87245.5,1,0.010919027142326287,0.010919027142326287
2025-04-18,84947.92,85132.08,84303.96,84474.69,6529.96315,51.005624287678515,-110.90097516123205,-630.9692526612562,520.0682775000241,87539.10772577446,77815.19727422553,28943.615171999998,0.22560979722799362,0,86502.586,1,-0.005570707978571843,-0.005570707978571843
2025-04-19,84474.7,85677.99,84364.45,85077.01,9666.58153,52.623815547652555,18.642422260905732,-501.0469176768238,519.6893399377295,87787.21801261972,77835.78898738026,28933.7194945,0.3340939809635438,1,87240.97,1,0.007130183016948566,0.007130183016948566
2025-04-20,85077.0,85320.76,83949.52,85179.24,8091.67725,63.87468372437623,128.0791875089053,-375.221696639678,503.3008841485833,88027.33517971834,77858.59482028165,28309.846414500003,0.2858255439300274,1,88732.29,1,0.0012016172171542827,0.0012016172171542827
2025-04-21,85179.24,88465.99,85144.76,87516.23,31773.37262,66.10936018011338,398.7872037287598,-220.41991656599043,619.2071202947502,88461.0598802576,77660.65911974238,28888.995197000004,1.0998434664594885,1,91366.44,1,0.02743614523914495,0.02743614523914495
2025-04-22,87516.22,93888.0,87076.03,93442.99,43872.74705,79.50618764828005,1079.1257668214676,39.48922011150125,1039.6365467099663,90716.01361626807,76498.37538373195,29086.059699499998,1.5083771230365106,1,93774.34,1,0.0677218385664009,0.0677218385664009
2025-04-23,93442.99,94696.05,91935.41,93691.08,27404.16808,74.11242680841136,1619.647481303531,355.52087234990734,1264.1266089536239,92542.64912914191,75719.53887085809,29089.376036,0.9420679235637627,1,93285.29,0,0.0026549878166355345,0.0026549878166355345
2025-04-24,93691.07,94005.0,91660.01,93980.47,19497.06071,85.49177992146616,2047.7608760538278,693.9688730906915,1353.7920029631364,94127.37933301365,75143.86866698634,28418.452083500004,0.6860704676212875,1,92086.79,0,0.0030887678955136,0.0
2025-04-25,93980.47,95758.04,92855.96,94638.68,27500.66648,82.81061844582823,2412.3478277692775,1037.644664026409,1374.7031637428686,95660.05052679477,74721.26647320524,29325.4651735,0.9377742626517999,1,92787.88,0,0.007003689170739236,0.0
2025-04-26,94638.68,95199.0,93870.69,94628.0,9415.06875,80.66360700635111,2669.6497662611946,1364.0456844733662,1305.6040817878284,96769.68548152395,75231.43151847608,28399.082893000003,0.33152721112415534,0,93615.32,0,-0.0001128502637609552,-0.0
2025-04-27,94628.0,95369.0,93602.58,93749.3,11162.841,84.18726488191398,2770.720518455608,1645.3806512698147,1125.339867185793,97524.92244648538,75934.80055351462,25037.8483985,0.445838668815838,0,93374.19,0,-0.009285835059390402,-0.0
2025-04-28,93749.29,95630.0,92800.01,95011.18,22157.53351,84.63967372297043,2918.9946346369106,1900.1034479432342,1018.8911866936764,97886.41462758614,77442.18437241385,24379.8590425,0.9088458416176259,1,93674.91,0,0.013460153835815225,0.0
2025-04-29,95011.18,95461.53,93742.54,94256.82,16955.3402,85.74125650394879,2941.7220517631504,2108.427168707218,833.2948830559326,98583.1005438302,77909.6584561698,21453.2116665,0.7903404144600131,0,93339.88,0,-0.007939697201950202,-0.0
2025-04-30,94256.82,95228.45,92910.0,94172.0,17661.2751,84.86247677924928,2919.2382668704668,2270.5893883398676,648.6488785305992,98787.60072506788,79161.62827493211,20672.0350625,0.8543558990008848,0,95239.586,1,-0.0008998818334843284,-0.0
2025-05-01,94172.0,97424.02,94130.43,96489.91,21380.45343,86.19189291564555,3053.259594753734,2427.1234296226407,626.1361651310931,99622.99340050798,79632.84259949203,20019.2858355,1.067992814812917,1,99466.484,1,0.024613579407891883,0.024613579407891883
2025-05-02,96489.9,97895.68,96350.0,96887.14,14905.74811,89.10770739219785,3155.1549417306232,2572.7297320442376,582.4252096863856,100484.17908023554,79932.68091976445,19841.036022499997,0.7512585579249332,1,97469.03,1,0.004116803508263045,0.004116803508263045
2025-05-03,96887.13,96935.67,95753.01,95856.42,9723.34838,83.06979335463257,3116.8086188010493,2681.5455093956,435.2631094054491,100913.36787002935,80713.13412997065,19093.201351,0.5092571015855726,0,97867.92,1,-0.010638357164841517,-0.010638357164841517
2025-05-04,95856.42,96304.48,94151.38,94277.62,11036.38342,75.59385503084752,2925.301857317172,2730.296778979915,195.00507833725715,101064.9575223039,81530.1484776961,18212.065848000002,0.6059929451228063,0,98766.74,1,-0.016470466975503584,-0.016470466975503584
2025-05-05,94277.61,95199.0,93514.1,94733.68,17251.18189,72.70550869185796,2778.305028720788,2739.8984289280897,38.406599792698216,101031.43420860652,82672.6407913935,18029.0751785,0.9568534003658906,1,99028.19,1,0.0048374152847727725,0.0048374152847727725
2025-05-06,94733.68,96920.65,93377.0,96834.02,16122.64513,64.05061990405392,2799.0234675273678,2751.7234366479456,47.30003087942214,101145.62105091933,83838.81794908065,17791.8451755,0.9061817350007887,1,99000.47,1,0.022170995574119168,0.022170995574119168
2025-05-07,96834.02,97732.0,95784.61,97030.5,16644.83854,63.89620808983006,2799.0317775037256,2761.185104819102,37.84667268462363,101201.79080316548,84990.90719683452,17937.6447165,0.9279277632636571,1,99000.47,1,0.0020290389679165077,0.0020290389679165077
2025-05-08,97030.5,104145.76,96876.29,103261.6,34962.02847,75.84223454652683,3264.208296402532,2861.7897431357883,402.41855326674386,102287.24379031287,85784.14520968715,19359.2479825,1.8059600508038482,1,101850.69,0,0.06421795208723036,0.06421795208723036
2025-05-09,103261.61,104361.3,102315.14,102971.99,27617.39907,73.68939926737016,3568.3610870337434,3003.1040119153795,565.2570751183639,102969.90074617953,86890.98625382049,20256.7888595,1.363365104980498,0,101603.08,0,-0.002804624371499198,-0.0
2025-05-10,102971.99,104984.57,102818.76,104809.53,15324.78611,76.22004012247916,3912.5767368213565,3184.9985568965753,727.5781799247811,103728.9315961569,88094.98440384313,20618.4443025,0.7432561780687721,1,103048.234,0,0.017845046988020696,0.0
2025-05-11,104809.53,104972.0,103345.06,104118.0,17987.12197,76.96196975512238,4082.5088073179504,3364.500606980851,718.0082003370994,104327.6152121693,89156.47778783072,19929.13177,0.9025542195007525,0,102591.734,0,-0.006597968715249425,-0.0
2025-05-12,104118.0,105819.45,100718.37,102791.32,31272.77792,70.16292803985661,4063.290129703397,3504.2585115253605,559.0316181780363,105085.60181706019,89333.32418293982,19299.1333135,1.6204239543816343,0,100738.74,0,-0.01274208110028996,-0.0
2025-05-13,102791.32,104976.25,101429.7,104103.72,21253.42409,74.80175021988572,4106.620338071472,3624.730876834583,481.8894612368895,105994.03097723822,89466.15902276179,18991.596114,1.1190962551237413,1,100856.82,0,0.012767615008738131,0.0
2025-05-14,104103.72,104356.95,102602.05,103507.82,16452.9081,72.92427672708882,4046.2332325128664,3709.0313479702395,337.2018845426269,106656.61264945216,89756.31235054783,18839.3884835,0.8733249550222856,0,101626.39,0,-0.005724099004339123,-0.0
2025-05-15,103507.83,104192.7,101383.07,103763.71,17998.98604,69.8734664169073,3973.223355137743,3761.8697494037406,211.35360573400249,107285.38360173514,90040.04439826487,18364.304461500004,0.9801071463247694,1,101525.28,0,0.0024721803627976158,0.0
2025-05-16,103763.71,104550.33,103100.49,103463.9,15683.88024,68.06518316352484,3846.82651838928,3778.8611032008484,67.9654151884315,107762.12944666049,90446.8885533395,18677.745036,0.8397095157777589,0,102253.734,0,-0.002889353127408567,-0.0
2025-05-17,103463.9,103709.86,102612.5,103126.65,11250.89622,70.76094598384066,3677.0560449437617,3758.500091549431,-81.44404660566943,108023.053929927,91123.699070073,18682.147797,0.6022271283929507,0,103218.31,1,-0.00325959102643536,-0.0
2025-05-18,103126.65,106660.0,103105.09,106454.26,21599.98726,81.61416954855594,3767.5915880283865,3760.318390845222,7.273197183164484,108840.61922898368,91450.44177101631,18654.2704845,1.1579111216355324,1,103230.44,0,0.0322672170578604,0.0322672170578604
2025-05-19,106454.27,107108.62,102000.0,105573.74,30260.03524,77.53708086203801,3725.347565225413,3753.324225721261,-27.976660495848137,109264.69670645265,92158.05629354734,19319.5052365,1.566294523051773,0,102665.55,0,-0.008271345834351629,-0.0
2025-05-20,105573.73,107320.0,104184.72,106849.99,23705.48275,76.55548644462442,3751.60540986438,3752.980462549885,-1.3750526855051248,109735.61091965168,92954.94108034832,19621.715619,1.2081248760452745,1,103213.07,0,0.012088706907607882,0.0
2025-05-21,106850.0,110797.38,106100.01,109643.99,45531.040345,79.39372923957724,3952.3076481443277,3792.8458996687737,159.46174847555403,110841.07641722955,93164.88358277048,20829.24496475,2.185918904984489,1,101916.8,0,0.02614880918566298,0.0
2025-05-22,109643.99,111980.0,109177.37,111696.21,31630.77313,74.40964137149462,4228.222306077107,3879.9211809504404,348.3011251266662,112234.18484894044,93252.68215105959,21665.49621575,1.4599607050313308,1,101012.86,0,0.018717122570968137,0.0
2025-05-23,111696.22,111800.0,106800.0,107318.3,31737.72309,60.171322846962234,4046.9749035335553,3913.331925467064,133.6429780664912,112433.11653702054,94199.93846297945,22766.21495125,1.3940711338253182,0,100819.055,0,-0.03919479452346686,-0.0
2025-05-24,107318.3,109506.03,106875.41,107761.91,16782.53129,57.391453255075476,3894.2402730104513,3909.5135949757414,-15.273321965290052,112246.53680530496,95734.94719469504,23053.52234475,0.7279812186193708,1,101840.37,0,0.004133591381898505,0.0
2025-05-25,107761.9,109299.99,106600.64,109004.19,17710.04695,61.90456931547247,3829.2968414266943,3893.4702442659327,-64.1734028392384,112002.5772331329,97405.9577668671,23076.46559775,0.7674505818484944,1,101723.125,0,0.011528006509906819,0.0
2025-05-26,109004.2,110422.22,108670.58,109434.79,14649.11593,66.92496019361822,3769.126382591261,3868.6014719309983,-99.47508933973722,111911.91347969766,98756.69852030237,23002.789137750002,0.6368408562229202,1,102496.086,0,0.003950306864350717,0.0
2025-05-27,109434.78,110718.0,107516.57,108938.17,21276.65635,62.850423195167366,3639.4148677476333,3822.7641510943254,-183.34928334669212,111406.01908427334,100453.35991572667,23234.38002825,0.9157402230716007,0,102332.49,0,-0.004538044985511469,-0.0
2025-05-28,108938.17,109284.7,106769.43,107781.78,15633.78829,61.03187451731869,3404.066588394402,3739.024638554341,-334.9580501599389,111540.73270167214,100770.66429832789,22267.96801925,0.7020752085006163,0,102140.17,0,-0.010615103962183348,-0.0
2025-05-29,107781.78,108891.91,105322.86,105589.75,19834.70116,54.28505052306507,3006.0213371815044,3592.423978279774,-586.4026410982697,111469.24956161118,101103.92343838883,21878.833123750002,0.9065703389121311,0,100888.03,0,-0.02033766746104948,-0.0
2025-05-30,105589.75,106313.12,103621.0,103985.48,23706.49799,51.15334811043555,2531.929914297565,3380.325165483332,-848.3952511857669,111490.2195600819,101000.54843991812,22297.918717750003,1.0631708855916098,0,98424.76,0,-0.015193425498213675,-0.0
2025-05-31,103985.47,104900.0,103068.55,104591.88,11289.35922,53.201889277037324,2180.0106523309514,3140.262262852856,-960.2516105219047,111477.60360065581,101060.5523993442,21963.03058025,0.5140164595568986,1,98489.13,0,0.005831583409529939,0.0
2025-06-01,104591.88,105866.91,103752.49,105642.93,9709.70006,48.03114906463018,1963.2914510485134,2904.8681004919877,-941.5766494434743,111369.42086797029,101453.8961320297,20884.876687250002,0.4649153646153759,1,97780.266,0,0.0100490592577549,0.0
2025-06-02,105642.93,105935.63,103659.88,105857.99,13453.98813,50.712810119421086,1788.2792967554415,2681.5503397446787,-893.2710429892372,111346.0373123774,101652.7066876226,20494.904889250003,0.6564552605978129,1,98479.6,0,0.0020357254385126033,0.0
2025-06-03,105858.0,106794.67,104872.5,105376.89,13259.52634,46.15248799333873,1592.4039132294856,2463.7210544416403,-871.3171412121546,111265.57276870913,101920.07823129089,20335.23580125,0.6520468446785821,0,96816.266,0,-0.004544767948078454,-0.0
2025-06-04,105376.9,106000.0,104179.0,104696.86,14034.89482,35.474882806788415,1366.5458331082336,2244.286010174959,-877.7401770667252,111210.82267800436,102068.14332199565,20137.03124025,0.6969694118538676,0,94764.85,0,-0.00645331248625769,-0.0
2025-06-05,104696.86,105909.71,100372.26,101508.68,22321.50154,21.95917212434759,919.6905756558845,1979.3669232711438,-1059.6763476152594,111468.79251679662,101614.65148320337,20468.91230525,1.0905074586828356,0,94884.97,0,-0.030451534076571196,-0.0
2025-06-06,101508.69,105333.0,101095.8,104288.44,15839.07385,40.855947047752885,780.8567349093792,1739.664885598791,-958.8081506894118,111382.635783978,101816.987216022,20698.32118675,0.7652347118924486,1,95134.375,0,0.027384456186406947,0.0
2025-06-07,104288.43,105900.0,103871.09,105552.15,8344.93206,43.645542654829775,763.9939054366696,1544.5306895663666,-780.536784129697,111360.27092940646,101749.14107059356,20035.56842675,0.41650588005571465,1,96767.66,0,0.012117450409652175,0.0
2025-06-08,105552.15,106488.14,104964.14,105734.0,8048.06305,39.985361715680426,756.5823563576268,1386.941022924619,-630.358666566992,111361.92699963627,101763.51100036372,18924.96981725,0.42526160557805687,1,95348.9,0,0.0017228450581063814,0.0
2025-06-09,105734.01,110530.17,105318.37,110263.02,19975.37451,52.02744416652348,1103.4429107104224,1330.2414004817797,-226.79848977135725,111810.27697492795,101656.46402507205,18738.46440525,1.0660091498427935,1,99091.89,0,0.042834093101556725,0.0
2025-06-10,110263.02,110400.0,108331.03,110274.39,17071.82839,53.350564838301686,1363.53191585053,1336.89950355553,26.632412294999995,111925.02911410382,101604.7518858962,17315.503807499997,0.9859273273126218,1,99380.71,0,0.00010311707406529536,0.0
2025-06-11,110274.39,110392.01,108064.0,108645.12,13115.91638,52.11467146097358,1421.7962712639855,1353.8788570972213,67.91741416676427,111319.1124900993,101905.55950990066,16389.76097,0.8002506201284766,0,99524.5,0,-0.014774690660270262,-0.0
2025-06-12,108645.13,108813.55,105671.72,105671.73,17778.67218,50.193399595932135,1214.0486719866167,1325.9128200751004,-111.86414808848372,111242.38947108126,101817.62552891872,15691.808424500001,1.1329906470335012,0,99667.32,0,-0.027367911232460296,-0.0
2025-06-13,105671.74,106179.53,102664.31,106066.59,26180.81734,55.206666983570216,1068.9469497950922,1274.519646019099,-205.57269622400668,111125.19988400742,101765.28311599258,16161.722727,1.6199273915435983,1,101468.195,0,0.003736666372359032,0.0
2025-06-14,106066.59,106252.0,104300.0,105414.64,8798.93969,52.05375775064151,891.0741252884181,1197.8305418729628,-306.7564165845447,110805.74378959615,101725.78421040384,15716.167363999999,0.559865486680624,0,98898.766,0,-0.0061466103511010894,-0.0
2025-06-15,105414.63,106128.57,104494.53,105594.01,7164.20047,49.872331008219675,755.8691018112295,1109.4382538606162,-353.56915204938673,110367.54372548126,101779.90627451875,15341.921591,0.4669689143896238,1,98740.18,0,0.0017015663099546607,0.0
2025-06-16,105594.02,108952.38,104980.37,106794.53,14922.6654,52.3245689368449,737.0933244224143,1034.9692679729758,-297.8759435505615,110061.72454580321,101871.36145419677,15024.2220435,0.9932404724047634,1,98565.31,0,0.011369205507016922,0.0
2025-06-17,106794.53,107771.34,103371.02,104551.17,17866.33025,48.11536593471203,535.0255407198129,934.9805225223432,-399.95498180253037,109853.3073926943,101756.71760730569,15135.849141499999,1.180398277161304,0,96479.99,0,-0.02100631933114927,-0.0
2025-06-18,104551.17,105550.27,103500.0,104886.78,13968.64167,50.44039992171492,397.3854761013208,827.4615132381388,-430.07603713681794,109838.1855068735,101701.54249312647,14842.546166999999,0.9411216588335104,1,97274.586,0,0.0032100071190022117,0.0
2025-06-19,104886.79,105226.17,103929.27,104658.59,7678.60737,58.46648493218286,266.81601833923196,715.3324142583575,-448.51639591912556,109820.50027863515,101786.53872136486,14041.151635999999,0.5468645000822353,0,100330.36,0,-0.002175583996381625,-0.0
2025-06-20,104658.59,106524.65,102345.0,103297.99,16419.06283,47.11794807330705,52.93947999755619,582.8538274061973,-529.9143474086411,109877.79358411662,101599.85641588338,14297.636816499999,1.1483759897336179,0,96789.79,0,-0.013000366238452021,-0.0
2025-06-21,103297.98,103982.64,100837.9,102120.01,11154.21332,39.96294160378165,-209.20082189406094,424.4428975461456,-633.6437194402065,110007.39478283403,101117.96321716598,14369.862479500001,0.7762226907816665,0,94064.555,0,-0.011403706887229914,-0.0
2025-06-22,102120.02,103399.62,98200.0,100963.87,28746.41072,36.80215896407794,-504.4250376564887,238.66931050561874,-743.0943481621075,110210.563153678,100425.382846322,15134.483608999999,1.8993981864637535,0,94741.81,0,-0.01132138549535977,-0.0
2025-06-23,100963.87,106074.2,99613.33,105333.93,27666.50609,36.2413308568739,-381.36885299564165,114.66167780536664,-496.0305308010083,110208.3439635487,100423.3060364513,15854.8325965,1.7449888494002428,1,94387.34,0,0.043283404251441615,0.0
2025-06-24,105333.94,106290.0,104622.02,106083.0,14651.69335,38.763252418048545,-220.85635671725322,47.55807090084265,-268.4144276180959,110280.00352018191,100490.26047981811,15885.672523000001,0.92232125072367,1,94582.36,0,0.007111383767794521,0.0
2025-06-25,106083.0,108135.3,105808.03,107340.58,16701.15551,46.43152569003891,7.737950699913199,39.59404686065676,-31.85609616074356,110285.76247593582,101067.69152406418,15604.655221500001,1.0702675113891174,1,97016.09,0,0.01185467982617383,0.0
2025-06-26,107340.59,108272.45,106562.5,106947.06,10573.27279,54.06186838365456,155.35596419540525,62.74643032760647,92.60953386779877,110403.43480205837,101215.88119794165,15341.365168499999,0.6892002552491098,0,99290.59,0,-0.0036660878858676416,-0.0
2025-06-27,106947.06,107735.34,106356.76,107047.59,12232.44042,53.18413864018779,277.26015181500406,105.649174625086,171.61097718991806,110509.13661227612,101259.72338772389,15535.740586499998,0.7873741423456538,1,98511.016,0,0.0009399977895605538,0.0
2025-06-28,107047.58,107577.75,106811.51,107296.79,3282.17352,56.27310983466572,389.4886731487204,162.41707432981292,227.0715988189075,110629.19443595667,101295.94456404336,15297.446109999999,0.21455695914198583,1,100687.805,0,0.002327936574751499,0.0
2025-06-29,107296.79,108528.5,107172.52,108356.93,6831.7364,58.69800094443569,557.5479571207252,241.44325088799542,316.10470623272977,110232.19758253463,101502.33241746534,14640.2642045,0.4666402398598872,1,101350.23,0,0.009880444699230884,0.0
2025-06-30,108356.93,108789.99,106733.33,107146.5,9754.12491,51.10735250349067,586.3059949093877,310.4157996922739,275.8901952171138,109610.25047135686,101811.49052864315,14274.3790305,0.6833309448458953,0,98797.67,0,-0.011170766835125301,-0.0
2025-07-01,107146.51,107540.0,105250.85,105681.14,10505.62437,53.73805527308046,485.2608564827533,345.3848110503698,139.87604543238348,109209.62652886566,101915.7164711343,14143.864430000001,0.7427690234160423,0,99382.42,0,-0.013676228341569674,-0.0
2025-07-02,105681.13,109730.0,105100.19,108849.6,17691.89592,61.040181063850426,653.3190431116236,406.9716574626206,246.347385649003,109654.24580490556,101788.88419509442,14139.525617000001,1.2512368801630072,1,101748.38,0,0.02998131927797143,0.0
2025-07-03,108849.59,110529.18,108530.4,109584.78,13047.08225,63.347033881084315,836.1901688965008,492.8153597493967,343.37480914710414,110193.12473151855,101601.82426848148,13482.838862499999,0.9676806481970222,1,101250.484,0,0.006754090047184302,0.0
2025-07-04,109584.77,109767.59,107245.0,107984.24,11793.86615,62.53397445944435,842.2576301935333,562.703813838224,279.5538163553092,110413.5259591737,101638.38304082629,13632.585185499998,0.8651232315455684,0,101218.54,0,-0.014605495398174795,-0.0
2025-07-05,107984.25,108420.56,107756.31,108198.12,3736.9757,67.14066313256167,854.4746140565258,621.0579738818844,233.41664017464132,110643.19109400375,101669.12890599623,13461.223947,0.2776103952146811,1,101262.65,0,0.001980659399927198,0.0
2025-07-06,108198.12,109700.0,107800.01,109203.84,6447.607,73.4360770139599,934.5370986892667,683.753798843361,250.78329984590573,110960.85383222153,101592.39716777846,13037.471027,0.49454430131789395,1,101312.445,0,0.009295170747883663,0.0
2025-07-07,109203.85,109700.0,107513.2,108262.94,9405.37601,60.34948563691349,911.5565712797397,729.3143533306368,182.24221794910295,111152.71646121428,101771.7115387857,12614.423315,0.7456049139254687,0,101443.74,0,-0.00861599738617247,-0.0
2025-07-08,108262.94,109216.56,107429.57,108922.98,9216.0208,60.09843914011897,935.8165390212089,770.6147904687513,165.20174855245762,111416.03620216006,101912.01179783995,12376.7922715,0.7446211100449429,1,101470.11,0,0.006096638424931022,0.0
2025-07-09,108922.99,111999.79,108324.53,111233.99,17282.2865,62.87936878221574,1128.5131343853573,842.1944592520725,286.3186751332847,112059.99969336881,101925.58830663118,12856.976228,1.3441952597191968,1,101646.01,0,0.02121691859697572,0.0
2025-07-10,111234.0,116868.0,110500.0,116010.0,24883.450665,73.24140654651394,1647.6179525836487,1003.2791579183879,644.3387946652608,113810.58269795317,101446.20630204679,13280.19561975,1.873726214393552,1,103091.336,0,0.04293660597808269,0.0
2025-07-11,116010.01,118869.98,115222.22,117527.66,25873.521148,75.05451951346748,2156.6146283506096,1233.9462520048326,922.668376345777,115467.25060220908,101330.30339779092,14016.16101115,1.845977734375151,1,102380.45,0,0.013082148090681978,0.0
2025-07-12,117527.66,118200.0,116900.05,117420.0,8446.60437,74.36628044398043,2522.2361306939274,1491.6042277426518,1030.6319029512756,116474.75234863845,101968.41465136154,13001.17069365,0.6496802918006045,0,102320.03,0,-0.000916039679510372,-0.0
2025-07-13,117420.0,119488.0,117224.79,119086.64,9550.792947,75.09346574684433,2912.899631040491,1775.86330840222,1137.036322638271,118150.8184301375,101667.6195698625,12095.3850365,0.7896228948626905,1,100791.05,0,0.014193834099812674,0.0
2025-07-14,119086.65,123218.0,118905.18,119841.18,27269.348877,80.33579307576136,3245.970810730345,2069.884808867845,1176.0860018624999,119741.33338018694,101452.92261981305,12726.267812850001,2.142760884653513,1,101666.61,0,0.006336059191862198,0.0
2025-07-15,119841.17,119940.83,115736.92,117758.09,32018.46083,78.03204351820433,3303.7604721884272,2316.6599415319615,987.1005306564657,120659.34163108513,101576.66536891485,13492.13307885,2.373120739536101,0,102875.18,0,-0.01738208852749945,-0.0
2025-07-16,117758.08,120063.84,117017.29,118630.43,17039.90851,75.41107631457388,3380.9759565537242,2529.5231445363142,851.45281201741,121592.52997165399,101811.814028346,13815.46486485,1.233393785637557,1,102839.96,0,0.007407898684498093,0.0
2025-07-17,118630.44,120998.71,117453.57,119177.56,15728.57651,75.16844062808941,3446.5884761384805,2712.936210856748,733.6522652817325,122480.87817200313,102136.46282799689,13990.27166935,1.1242509710843065,1,103601.61,0,0.004612054428193568,0.0
2025-07-18,119177.56,120820.71,116812.76,117924.84,19924.66266,76.56587565355058,3358.7848550024355,2842.105939685886,516.6789153165496,123020.29359266248,102659.85240733753,14822.396126349999,1.3442268368863537,0,101324.1,0,-0.010511374792368633,-0.0
2025-07-19,117924.84,118499.9,117277.34,117840.0,6635.80306,75.94651324252033,3244.948230408627,2922.6743978304344,322.27383257819247,123498.62635326535,103129.82664673463,14812.599459349998,0.44798369646128205,0,102344.414,0,-0.0007194412983727583,-0.0
2025-07-20,117840.01,118856.8,116467.02,117265.12,12962.92889,72.20804365529332,3072.9211515341885,2952.7237485711858,120.19740296300279,123715.70554202882,103924.60945797118,14973.03965835,0.865751322763042,0,102036.86,0,-0.004878479293957905,-0.0
2025-07-21,117265.11,119676.73,116515.0,117380.36,17107.33128,76.31472309770373,2912.315991144991,2944.6421970859474,-32.32620594095624,123635.69396296125,105174.54303703878,15303.12500385,1.1178978983505716,1,102073.09,0,0.00098273041463659,0.0
2025-07-22,117380.36,120247.8,116128.0,119954.42,20959.12973,78.67123197950703,2958.6350707130623,2947.4407718113707,11.194298901691582,124119.55787925604,105801.16112074394,15466.48669435,1.3551319148424636,1,102125.4,0,0.02192922223104432,0.0
2025-07-23,119954.43,120090.0,117301.0,118755.99,14558.75083,70.75007006803773,2865.6070553237805,2931.074028513853,-65.46697319007262,124360.67594793084,106477.16405206916,15542.07012335,0.9367317683200589,0,101959.17,0,-0.009990711471907332,-0.0
2025-07-24,118756.0,119450.0,117103.1,118340.99,15806.89043,58.46756411364822,2726.9599543171207,2890.2512136745067,-163.29125935738602,124242.58500601003,107630.92999398995,15742.721337350002,1.0040761118281218,0,102224.3,0,-0.0034945605691132364,-0.0
2025-07-25,118340.98,118451.57,114723.16,117614.31,38406.34873,50.3339564103058,2529.288066584646,2818.0585842565347,-288.7705176718887,123893.43579936364,108921.69820063635,17476.18998885,2.197638544471287,0,100392.47,0,-0.0061405604262733116,-0.0
2025-07-26,117614.31,118297.35,117138.38,117919.99,6991.67206,51.89803261188938,2369.9778631864174,2728.4424400425114,-358.464576856094,123536.28949054086,110150.45950945915,17503.39324185,0.399446665191933,1,99376.586,0,0.0025990034716014687,0.0
2025-07-27,117919.99,119766.65,117825.5,119415.55,9328.30919,51.265019972785026,2337.4578136500786,2650.245514764025,-312.78770111394624,122821.2394615977,111980.77053840231,17499.539900850003,0.5330602543182805,1,99376.586,0,0.01268283689644134,0.0
2025-07-28,119415.56,119800.0,117427.5,118062.32,13961.74754,43.4595349028744,2177.3914749688847,2555.674706804997,-378.28323183611246,121526.73130657767,114189.21269342238,17736.82623785,0.7871615447303608,0,97268.625,0,-0.011332108758030257,-0.0
2025-07-29,118062.32,119273.36,116950.75,117950.76,15137.93445,50.82852068614086,2018.2704235808487,2448.1938501601676,-429.92342657931886,120130.15255604679,116257.4684439532,17629.60863535,0.8586653715979934,0,98496.8,0,-0.0009449246804570377,-0.0
2025-07-30,117950.75,118792.0,115796.23,117840.3,15586.73631,46.36403211273885,1861.7910764981207,2330.9132954277584,-469.1222189296377,119939.55065617453,116631.10034382546,17164.7729176,0.9080653956113832,0,96554.805,0,-0.000936492482117024,-0.0
2025-07-31,117840.29,118922.45,115500.0,115764.08,17010.0073,36.22992667751017,1552.351917655542,2175.201019873315,-622.8491022177732,120177.32726050666,116216.96573949332,16721.5972252,1.0172477587467157,0,94655.85,0,-0.017618930026484958,-0.0
2025-08-01,115764.07,116052.0,112722.58,113297.93,24487.10206,32.999289388072754,1095.4932955691474,1959.2594750124815,-863.7661794433341,120935.22880783424,115046.85719216574,17523.6221097,1.3973767470393832,0,94468.375,0,-0.021303240176054672,-0.0
2025-08-02,113297.92,114063.49,112003.0,112546.35,11507.33428,31.457968031619544,665.116274896689,1700.430834989323,-1035.314560092634,121433.14600807973,113894.9109919203,17621.44917635,0.653029961658554,0,94863.43,0,-0.00663366047376146,-0.0
2025-08-03,112546.35,114799.97,111920.0,114208.8,7397.76046,40.052531196500546,452.9637228040374,1450.937412552266,-997.9736897482287,121305.13954722552,113459.67945277446,16627.869755500004,0.44490127531538076,1,94897.945,0,0.014771247579330682,0.0
2025-08-04,114208.81,115720.0,114107.6,115055.03,9667.67916,42.77546729102625,349.09088315535337,1230.5681066728837,-881.4772235175303,121299.60696003362,113194.90603996642,15510.330672000002,0.6233058059460048,1,94533.43,0,0.00740949909288946,0.0
2025-08-05,115055.03,115127.81,112650.0,114129.75,12042.79078,29.837772274725836,189.91927507554647,1022.4383403534163,-832.5190652778698,121247.3405491826,112797.10445081741,15260.474785499999,0.7891491548770595,0,94318.15,0,-0.008042064740672372,-0.0
2025-08-06,114129.75,115716.0,113355.13,114992.27,9761.15318,36.66161064882412,131.85286675005045,844.3212456327432,-712.4683788826927,121003.0365524456,112622.87944755443,14962.103619000001,0.6523917644578102,1,94062.734,0,0.007557363439418818,0.0
2025-08-07,114992.27,117621.0,114259.0,117472.01,13468.56263,47.31354191527535,282.6706623155478,731.9911289693042,-449.3204666537564,120959.94142357694,112620.69157642307,14639.2986175,0.9200278634865411,1,96578.516,0,0.021564406024856986,0.0
2025-08-08,117472.02,117630.0,115878.71,116674.74,10045.31278,47.107935087137186,334.01154872936604,652.3952129213167,-318.38366419195063,120872.38269996879,112591.72430003123,14809.774103500002,0.6782893992708495,0,97190.0,0,-0.006786893320374743,-0.0
2025-08-09,116674.74,117944.05,116299.13,116462.25,9514.13144,45.48707984897285,353.4787212902884,592.611914595111,-239.1331933048226,120826.04141066027,112557.77858933974,14637.334231,0.6499907216609351,0,96329.07,0,-0.0018212168289383213,-0.0
2025-08-10,116462.25,119311.11,116460.63,119294.01,14322.77073,49.65248351055128,590.5979166438337,592.2091150048556,-1.6111983610218203,121074.56935565214,112500.61564434785,14498.106203500001,0.9879063188640684,1,98528.055,0,0.024314831629991707,0.0
2025-08-11,119294.27,122335.16,118050.11,118686.0,26494.33429,51.86265210504057,721.1423811898276,617.99576824185,103.14661294797759,120848.32424414011,112600.01875585991,14774.8664315,1.7932029648345318,0,99165.7,0,-0.005096735368355865,-0.0
2025-08-12,118686.0,120324.43,118207.47,120134.08,16720.10893,56.038530299409715,930.7190143105836,680.5404174555968,250.17859685498684,121102.06912404983,112484.08287595017,14882.934336499999,1.123441691803637,1,101515.28,0,0.012200933555769122,0.0
2025-08-13,120134.09,123667.79,118920.92,123306.43,23210.07102,62.928326363177526,1337.3757039144693,811.9074747473713,525.468229167098,122211.91686085498,111870.77913914502,15253.093366000001,1.5216632104105878,1,101042.195,0,0.02640674486373884,0.0
2025-08-14,123306.44,124474.0,117180.0,118295.09,27980.947586,55.256456319249025,1240.975609399975,897.7211016778921,343.25450772208285,122270.74173925264,111880.0322607474,14731.823308799998,1.8993540038785075,0,101595.85,0,-0.0406413517932519,-0.0
2025-08-15,118295.09,119216.82,116803.99,117342.05,13623.33874,58.96218177885613,1075.280314730233,933.2329442883603,142.04737044187266,122228.47663006836,111864.50336993163,15063.406642799999,0.9043995865644162,0,101173.19,0,-0.008056462867562786,-0.0
2025-08-16,117342.04,117898.99,117143.98,117380.66,6393.68117,61.06291451803434,936.2881572000333,933.843986870695,2.4441703293383625,122009.46072038673,111880.03027961327,14916.6752418,0.42862642421036395,1,101733.73,0,0.00032903805583761603,0.0
2025-08-17,117380.66,118575.0,117172.21,117405.01,5898.64192,57.90707765595785,818.6636673151224,910.8079229595805,-92.1442556444581,121954.54291550687,111869.21708449308,14513.5199608,0.40642393684866374,1,101653.65,0,0.0002074447357851561,0.0
2025-08-18,117405.01,117543.75,114640.14,116227.05,17745.93954,52.85262963179316,623.209908376055,853.2883200428754,-230.07841166682044,121852.49207308309,111798.89692691693,14643.920215300002,1.2118298433133363,0,97905.04,0,-0.010033302667407429,-0.0
2025-08-19,116227.05,116725.69,112732.58,112872.94,18065.47424,47.2644300818009,195.41018375568092,721.7126927854366,-526.3025090297557,121876.53014010616,111278.12285989386,14767.8571118,1.2232969281348949,0,96484.305,0,-0.028858256318128994,-0.0
2025-08-20,112872.95,114615.38,112380.0,114271.24,15636.34194,48.4663771976581,-30.442138197657187,571.2817265888178,-601.723864786475,121891.41822107679,111113.95077892322,14699.1738438,1.0637565149006856,1,96547.55,0,0.012388265956393196,0.0
2025-08-21,114271.23,114821.76,112015.67,112500.0,10839.69235,39.09594800804072,-348.3405427115649,387.35727272874124,-735.6978154403062,121962.10546944363,110963.47053055634,14016.803358300001,0.7733355511177457,0,94064.555,0,-0.01550031311465605,-0.0
2025-08-22,112500.0,117429.05,111684.79,116935.99,23128.09037,50.494087404960275,-239.5684033112193,261.97213752074913,-501.5405408319684,121864.70646315812,111499.83353684186,14597.8411628,1.5843500495770446,1,96866.74,0,0.03943102222222228,0.0
2025-08-23,116936.0,117030.0,114560.0,115438.05,11329.36197,48.152802646747766,-271.11173109371157,155.35536379785697,-426.46709489156854,121830.93633002523,111656.52866997477,14794.421238299998,0.7657860883851539,0,96032.96,0,-0.012809914210329953,-0.0
2025-08-24,115438.06,115666.68,110680.0,113493.59,21175.98462,39.192749381609175,-447.8491903980321,34.714452958679125,-482.5636433567112,121907.55868435994,111423.76231564005,15369.836511299998,1.3777625158492275,0,93795.56,0,-0.01684418612407268,-0.0
2025-08-25,113493.59,113667.28,109274.1,110111.98,25182.79379,35.52144624439957,-850.9730779966048,-142.42305323237773,-708.5500247642271,122380.5114159116,110549.03258408839,16026.8366618,1.5712891022358295,0,94223.336,0,-0.029795603434519924,-0.0
2025-08-26,110111.98,112371.0,108666.66,111763.22,18452.43877,35.960840639542965,-1025.3903337732918,-319.0165093405606,-706.3738244327312,122554.98642464259,110051.65257535738,16461.4009413,1.1209519065722218,1,94291.96,0,0.01499600679235824,0.0
2025-08-27,111763.22,112625.0,110345.42,111262.01,13392.60875,27.811719365987017,-1190.3392340681457,-493.2810542860778,-697.058179782068,122606.46760292343,109379.1713970766,16457.6032473,0.8137642248847603,0,94280.93,0,-0.004484570147495814,-0.0
2025-08-28,111262.01,113485.9,110862.42,112566.9,11104.27744,37.778531637575504,-1201.9137943097594,-635.0076022908142,-566.9061920189451,122565.01925080987,109009.83574919017,16510.5514803,0.6725564226760905,1,94667.8,0,0.011728082208833035,0.0
2025-08-29,112566.9,112638.64,107463.9,108377.4,22580.31045,33.19427056912252,-1531.4902868716017,-814.3041392069719,-717.1861476646299,122913.88978823993,107852.48021176003,17163.8604308,1.3155729470673365,0,93524.43,0,-0.03721786777462999,-0.0
2025-08-30,108377.4,108926.15,107350.1,108816.33,10708.39159,34.182152378145034,-1737.2382478602813,-998.890960937634,-738.3472869226473,122696.05164091555,107022.55035908446,16983.1414738,0.6305306710492816,1,95181.09,0,0.004050014117334522,0.0
2025-08-31,108816.33,109480.02,108076.93,108246.35,9489.51596,33.418654063965604,-1924.1076959527272,-1183.9343079406528,-740.1733880120744,122485.39310593132,106189.2438940687,16132.9005573,0.5882089166976285,0,94876.03,0,-0.005238000583184466,-0.0
2025-09-01,108246.36,109912.4,107255.0,109237.42,16053.60219,37.25936886972772,-1969.5285148746625,-1341.0531493274548,-628.4753655472077,121763.84845336461,105821.12254663538,16099.575220300001,0.9971444569393337,1,95076.24,0,0.009155689776144893,0.0
2025-09-02,109237.43,111771.52,108393.39,111240.01,18510.28756,46.869256622678435,-1822.9190879346133,-1437.4263370488866,-385.49275088572676,119846.92683131009,106531.4021686899,15864.586047299998,1.1667677621598123,1,96968.23,0,0.018332454208457083,0.0
2025-09-03,111240.01,112575.27,110528.71,111705.71,11773.72084,44.898802410687836,-1650.1302880478324,-1479.967127248676,-170.16316079915646,119092.15234577804,106627.23865422193,15054.22471,0.7820874915052334,1,97342.28,0,0.004186443348935365,0.0
2025-09-04,111705.72,112180.0,109329.12,110730.87,12203.13536,46.367282068341,-1573.7145583582314,-1498.7166134705872,-74.99794488764428,118454.31423546377,106603.95876453622,14983.214541,0.8144537560085919,0,96867.625,0,-0.008726859173089796,-0.0
2025-09-05,110730.87,113384.62,110206.96,110659.99,21587.40888,34.29809795825237,-1501.5648606429022,-1499.2862629050503,-2.2785977378518965,117707.86369605231,106678.34230394769,15742.9009265,1.3712472041072143,0,94248.47,0,-0.0006401105671796081,-0.0
2025-09-06,110660.0,111307.7,109977.0,110187.97,5000.29897,36.15406362809697,-1465.5794865281496,-1492.5449076296704,26.96542110152086,116831.452657168,106833.049342832,15697.983779000002,0.3185312865903936,0,95248.66,0,-0.004265498307021387,-0.0
2025-09-07,110187.98,111600.0,110180.0,111137.34,5681.29944,43.44168253651922,-1344.950837446464,-1463.0260935930294,118.07525614656538,116133.5129953413,107022.01800465872,15094.751773999998,0.3763758109481318,1,97065.72,0,0.008615913334277803,0.0
2025-09-08,111137.35,112924.37,110621.78,112065.23,11582.40211,56.296699378663334,-1161.0944219272205,-1402.6397592598678,241.54533733264725,116058.9771160018,107015.78288399821,14770.598167500002,0.7841525426834072,1,100870.67,0,0.008349039125823854,0.0
2025-09-09,112065.23,113293.29,110766.66,111546.39,15379.28248,49.24595085030926,-1045.204473336038,-1331.1527020751018,285.9482287390638,115736.25341738896,107066.02158261104,14757.745194500001,1.042116006023172,0,98609.68,0,-0.0046298035528057335,-0.0
2025-09-10,111546.38,114313.13,110917.45,113960.0,17517.41823,58.28106746977156,-749.9576535186206,-1214.9136923638057,464.95603884518505,115934.52551903567,107013.74948096432,15091.6314885,1.1607372101120066,1,100940.555,0,0.02163772399985331,0.0
2025-09-11,113960.0,115488.09,113430.0,115482.69,13676.73119,58.83149350826364,-388.6242459292698,-1049.6558030768986,661.0315571476287,115521.57974057404,107281.36525942593,14619.0635295,0.935540854747744,1,102259.32,0,0.013361618111618068,0.0
2025-09-12,115482.69,116665.63,114740.99,116029.42,15324.10719,79.73935767508166,-57.485715813032584,-851.2217856241253,793.7360698110928,115679.60860198691,107182.47339801311,14818.800790500001,1.0340990075137484,1,101805.336,0,0.004734302604139096,0.0
2025-09-13,116029.41,116298.78,115127.27,115918.29,8269.40394,78.32323283886372,193.74334015623026,-642.2287604680542,835.9721006242845,116170.91987438107,106933.63212561893,14173.4717565,0.5834423691011079,0,101150.86,0,-0.0009577743299932218,-0.0
2025-09-14,115918.29,116165.19,115135.0,115268.01,6707.60197,77.82477547306782,336.49313226710365,-446.48438192102265,782.9775141881263,116660.0234075723,106960.13159242767,13249.7121655,0.5062451082873677,0,101455.42,0,-0.005609813602322822,-0.0
2025-09-15,115268.01,116757.99,114384.0,115349.71,13212.51149,76.10244724455448,451.0168368295708,-266.9841381709039,718.0009750004747,117090.75455107148,106888.04944892852,12987.715801499999,1.017308331344457,1,101931.08,0,0.000708782948538822,0.0
2025-09-16,115349.71,116964.27,114737.11,116788.96,10926.9094,74.89450359939453,650.4155587878486,-83.50419877915336,733.919757567002,117783.03981218862,106748.45918781136,12864.430834,0.8493892610562113,1,102492.61,0,0.012477274541912609,0.0
2025-09-17,116788.96,117286.73,114720.81,116447.59,16754.2454,71.51371068725832,771.995690706317,87.59577911794076,684.3999115883762,118285.97621045595,106633.59178954402,13146.929232,1.2743846950373543,0,102747.375,0,-0.0029229646363835293,-0.0
2025-09-18,116447.6,117900.0,116092.76,117073.53,11657.23365,79.71719594816194,908.3856437397917,251.75375204231105,656.6318916974807,118735.9333273734,107053.24767262662,12600.775392,0.9251203427846959,1,102450.26,0,0.005375293726559649,0.0
2025-09-19,117073.53,117459.99,115100.0,115632.38,8992.09065,70.64608199488951,889.9283631393628,379.38867426172146,510.5396888776413,118866.44346548771,107604.34253451228,12514.960345,0.7185073226055037,0,100822.47,0,-0.01230978514101344,-0.0
2025-09-20,115632.39,116121.81,115408.47,115685.63,4674.92752,73.64951132218322,869.5737602399895,477.42569145737514,392.14806878261436,118817.92180103598,108396.792198964,12274.230923,0.380873355677211,1,101318.04,0,0.0004605111474831336,0.0
2025-09-21,115685.63,115819.06,115188.0,115232.29,4511.52219,68.40068049647837,807.5528746608325,543.4511280980666,264.1017465627658,118734.86157849067,109079.3394215093,11697.126923,0.3856948992430797,0,101236.28,0,-0.003918723526854739,-0.0
2025-09-22,115232.29,115379.25,111800.0,112650.99,20781.71356,52.29160178959017,543.8424614616379,543.5293947707809,0.31306669085699923,118680.93982693185,109274.35917306818,11810.698223,1.7595668916110279,0,98721.555,0,-0.022400839209218093,-0.0
2025-09-23,112650.99,113290.5,111458.73,111998.8,12301.3203,51.75163563686656,279.0075512746844,490.62502607156154,-211.61747479687716,118667.53111380304,109317.07688619697,11837.078196,1.0392193154689877,0,98142.06,0,-0.005789474198140687,-0.0
2025-09-24,111998.8,113940.0,111042.66,113307.0,12369.25967,47.23504723707967,172.69407404816593,427.03883566688245,-254.34476161871652,118553.64982767306,109688.57117232693,11845.3844115,1.04422610869356,1,97416.164,0,0.011680482290881589,0.0
2025-09-25,113307.01,113510.23,108631.51,108994.49,21231.14957,27.777610331037664,-256.5858761896816,290.3138932955696,-546.8997694852512,118794.86600579378,109280.80499420622,11827.571446,1.7950557024265725,0,93896.31,0,-0.03806040226993912,-0.0
2025-09-26,108994.49,110300.0,108620.07,109643.46,14243.01591,28.27990460240349,-538.2225793539401,124.6065987656676,-662.8291781196077,118865.63687871373,109155.5831212863,12289.707293000001,1.1589385792867963,1,94553.2,0,0.0059541541962351285,0.0
2025-09-27,109643.46,109743.91,109064.4,109635.85,5501.78643,28.480461133954435,-753.3515909002599,-50.985039167517954,-702.366551732742,119018.71166043563,108852.35933956437,12280.7316425,0.4480015189779032,0,94585.55,0,-6.940678449951498e-05,-0.0
2025-09-28,109635.85,112350.0,109189.99,112163.95,7542.3316,40.57941544946003,-711.64296358297,-183.1166240506084,-528.5263395323616,119016.18694677843,108864.75605322154,12078.728117,0.6244309439654225,1,94910.84,0,0.02305906325348861,0.0
2025-09-29,112163.96,114400.0,111560.65,114311.96,15541.12005,47.201501090275215,-499.5041477237537,-246.39412878523754,-253.11001893851616,119028.97962284855,109128.52037715145,12086.819995499998,1.2857906426823646,1,97003.11,0,0.01915062727373651,0.0
2025-09-30,114311.97,114792.0,112656.27,114048.93,15044.15633,42.110467222229545,-348.5886179454683,-266.83302661728374,-81.75559132818455,119033.13675498363,109133.25624501638,11963.156900500002,1.2575406688322568,0,94980.1,0,-0.002300984079006363,-0.0
2025-10-01,114048.94,118649.1,113966.67,118594.99,20036.39516,54.977825334289015,136.2712258175161,-186.21217613032374,322.48340194783987,119556.0613525412,108921.56164745885,12281.140099,1.6314768008901288,1,101967.87,0,0.03986061070454605,0.0
2025-10-02,118594.99,121022.07,118279.31,120529.35,19670.83503,57.55268798780318,668.9021435712202,-15.189312190014908,684.0914557612351,120440.06929902603,108487.54670097395,12498.476491,1.5738586254224447,1,103293.84,0,0.01631063841735636,0.0
2025-10-03,120529.35,123894.99,119248.3,122232.0,23936.328,64.26045762282632,1214.4066843346955,230.72988711492724,983.6767972197682,121675.4986464591,107883.48835354086,13281.822693999999,1.8021869852857715,1,101668.96,0,0.014126434764644369,0.0
2025-10-04,122232.21,122800.0,121510.0,122391.0,8208.16678,64.42304755406784,1640.6406500686717,512.7120397056763,1127.9286103629954,122827.67916403245,107443.60683596754,13356.8509345,0.6145285906275081,1,101880.85,0,0.0013008050265068682,0.0
2025-10-05,122390.99,125708.42,122136.0,123482.31,22043.097553,67.27152445432583,2042.9439491472003,818.7584215939812,1224.1855275532191,124093.78025830639,106990.76574169361,13798.38023765,1.5975134163105331,1,101398.06,0,0.008916587003946264,0.0
2025-10-06,123482.32,126199.63,123084.0,124658.54,19494.628793,76.7092871636245,2428.687742452079,1140.744285765601,1287.943456686478,125403.86906860246,106467.63493139755,14226.7662073,1.3702782845336257,1,101079.43,0,0.009525493975614863,0.0
2025-10-07,124658.54,125126.0,120574.94,121332.95,21633.99385,68.55575563094716,2437.9420791729644,1400.1838444470739,1037.7582347258906,125950.96861433731,106409.07138566273,14470.7536298,1.4950150077497382,0,101892.03,0,-0.02667759465175834,-0.0
2025-10-08,121332.96,124197.25,121066.14,123306.0,17012.618,69.36553705230146,2574.80411416314,1635.1078983902873,939.6962157728528,126767.09581827416,106216.19118172585,14738.522847300002,1.154296002134067,1,102430.89,0,0.016261452474369165,0.0
2025-10-09,123306.01,123762.94,119651.47,121662.4,21559.36007,77.36336902750477,2521.5763169142883,1812.401582095088,709.1747348192002,127313.38767909036,106272.90132090966,15366.886318300001,1.4029751781481947,0,102547.25,0,-0.013329440578722873,-0.0
2025-10-10,121662.41,122550.0,102000.0,112774.5,64171.93927,54.98787695346724,1742.1314465122996,1798.3475549785303,-56.21610846623071,127311.9199425083,105983.25605749173,18341.736905799997,3.4986838814435095,0,103373.125,0,-0.07305379476321361,-0.0
2025-10-11,112774.49,113322.39,109561.59,110644.4,35448.51652,51.50489465662795,941.679409057615,1627.0139257943472,-685.3345167367322,127403.26131673672,105433.1256832633,19888.586622299998,1.7823547340590553,0,98083.13,0,-0.01888813517240162,-0.0
2025-10-12,110644.4,115770.0,109565.06,114958.8,32255.30272,53.95923932060057,647.9818935696676,1431.2075193494113,-783.2256257797437,127399.87522595555,105667.29277404446,20462.266080299996,1.5763309202128755,1,98627.8,0,0.03899338782622541,0.0
2025-10-13,114958.81,115963.81,113616.5,115166.0,22557.24033,51.28024781078882,427.02136840310413,1230.37028916015,-803.3489207570458,127370.6667312611,106013.22126873894,20975.0620818,1.075431397629705,1,97612.73,0,0.0018023848543999854,0.0
2025-10-14,115166.0,115409.96,109866.0,113028.14,31870.32974,48.55122056037999,78.49626898881979,999.9954851258839,-921.4992161370641,127376.04353403665,105979.95846596335,21950.115585300002,1.4519435952922075,0,96039.79,0,-0.018563291249153346,-0.0
2025-10-15,113028.13,113612.35,110164.0,110763.28,22986.48811,38.11508459817573,-376.1318433043052,724.770019439846,-1100.9018627441512,127223.56795202788,106309.31304797211,22037.882512300002,1.0430443168562384,0,94449.6,0,-0.020038018850880857,-0.0
2025-10-16,110763.28,111982.45,107427.0,108194.28,29857.17252,31.634812515353858,-932.9700299350516,393.2220095648664,-1326.1920394999179,127376.57700960342,106011.38599039656,22818.5903428,1.3084582382811785,0,93991.93,0,-0.023193607123227156,-0.0
2025-10-17,108194.27,109240.0,103528.23,106431.68,37920.66838,26.517461440371918,-1499.2133951877913,14.734928614334791,-1513.9483238021262,127745.08353834957,105322.46246165043,24439.534440299998,1.5516117327288383,0,93540.68,0,-0.016291064555353674,-0.0
2025-10-18,106431.68,107499.0,106322.2,107185.01,11123.18766,27.79306499424746,-1865.6716056258447,-361.3463782337013,-1504.3252273921435,128109.05245376744,104460.59954623257,24618.5772433,0.4518208972871168,1,95635.52,0,0.007078061719969053,0.0
2025-10-19,107185.0,109450.07,106103.36,108642.78,15480.66423,28.557755301560633,-2015.2321795516764,-692.1235384972965,-1323.1086410543799,128287.51889690723,103715.21510309279,24615.554452300003,0.6288976451860313,1,95446.05,0,0.01360050253295686,0.0
2025-10-20,108642.77,111705.56,107402.52,110532.09,19193.4416,30.000252006352852,-1958.7294704673404,-945.4447248913054,-1013.284745576035,128328.09595704211,103322.95404295788,24823.018715799997,0.7732114220170676,1,95417.336,0,0.017390110967337113,0.0
2025-10-21,110532.09,114000.0,107473.72,108297.67,37228.01659,30.956716356857797,-2070.383593316161,-1170.4324985762767,-899.9510947398842,128175.86918382175,102445.44881617822,25682.599787299998,1.4495423710339943,0,94603.77,0,-0.0202151248565009,-0.0
2025-10-22,108297.66,109163.88,106666.69,107567.44,28610.78451,26.141102363732628,-2192.519745481841,-1374.8499479573895,-817.6697975244513,127725.26174860616,101599.86525139384,26129.597261299998,1.094956964850539,0,95449.96,0,-0.006742804346575482,-0.0
2025-10-23,107567.45,111293.61,107500.0,110078.18,17573.09294,32.88875063072899,-2062.937531418138,-1512.4674646495394,-550.4700667685986,126760.82918350774,101348.91581649228,25811.435508299997,0.6808258662850869,1,95367.99,0,0.02334107793213258,0.0
2025-10-24,110078.19,112104.98,109700.01,111004.89,15005.16913,46.582250904164894,-1863.978161067149,-1582.7696039330615,-281.2085571340874,125626.6285933354,101344.50540666463,26151.2856258,0.5737832298078834,1,97950.766,0,0.008418652997351561,0.0
2025-10-25,111004.9,111943.19,110672.86,111646.27,6407.96864,52.05302828177763,-1635.6921796119132,-1593.354119068832,-42.338060543081156,124101.0848788218,101686.44512117823,25369.52918015,0.25258524092019086,1,98779.09,0,0.005777943656356088,0.0
2025-10-26,111646.27,115466.8,111260.45,114559.4,13454.47737,49.13168401124591,-1205.8088359690737,-1515.8450624488805,310.0362264798068,122185.51923474052,102592.09676525948,25067.521609,0.5367294613269401,1,98940.125,0,0.026092497313165763,0.0
2025-10-27,114559.41,116400.0,113830.01,114107.65,21450.23241,47.723301850141254,-891.301272306242,-1390.936304420353,499.635032114111,120927.34028959609,103127.74571040389,25058.333537,0.8560119282604153,0,97968.25,0,-0.0039433691168074825,-0.0
2025-10-28,114107.65,116086.0,112211.0,112898.45,15523.42257,49.70940328746914,-731.1953318603628,-1258.988109908355,527.7927780479922,118679.76530587254,104334.56569412746,24983.873765499997,0.6213376962957663,0,99032.016,0,-0.010597010805147522,-0.0
2025-10-29,112898.44,113643.73,109200.0,110021.29,21079.71376,48.381823312788164,-826.9405314328324,-1172.5785942132504,345.63806278041807,116289.17481832417,105561.0451816758,24959.89145,0.8445434869869997,0,98346.45,0,-0.02548449513700146,-0.0
2025-10-30,110021.3,111592.0,106304.34,108322.88,25988.82838,50.291528798783474,-1028.0164509675815,-1143.6661655641167,115.6497145965352,116112.71764544534,105292.34035455468,23050.7359055,1.1274619815412903,0,99086.86,0,-0.015437103127948992,-0.0
2025-10-31,108322.87,111190.0,108275.28,109608.01,21518.20439,57.359883625821254,-1071.3217844951723,-1129.1972893503278,57.87550485515544,116083.05043672364,105218.36856327635,22354.220299,0.9626014283738001,1,101320.17,0,0.011863883235009975,0.0
2025-11-01,109608.01,110564.49,109394.81,110098.1,7378.50431,56.83328931201485,-1053.9461707689916,-1114.1470656340605,60.2008948650689,115449.36326322038,105365.9857367796,21110.3803785,0.349520197064506,1,101062.51,0,0.004471297307560018,0.0
2025-11-02,110098.1,111250.01,109471.34,110540.68,12107.00087,54.674575275957324,-993.0164885530976,-1089.920950217868,96.90446166477045,114696.41830840992,105656.39869159006,20587.8684055,0.5880648074652373,1,101239.69,0,0.004019869552698729,0.0
2025-11-03,110540.69,110750.0,105306.56,106583.04,28681.18779,41.17277054366907,-1249.6723046112456,-1121.8712210965436,-127.80108351470199,114436.67820293465,105271.62879706532,20428.411308000002,1.4039852320169466,0,94375.125,0,-0.03580256607793619,-0.0
2025-11-04,106583.05,107299.0,98944.36,101497.22,50534.87376,36.51772781648827,-1842.2210801028414,-1265.9411928978034,-576.279887205038,115275.11342367638,103506.58757632365,21805.8305905,2.317493642366285,0,96812.4,0,-0.04771697260652341,-0.0
2025-11-05,101497.23,104534.74,98966.8,103885.16,33778.77571,43.149929607019644,-2094.9837836349616,-1431.7497110452352,-663.2340725897263,115540.08384037632,102810.7051596237,22001.910750000003,1.5352655546064333,1,95299.77,0,0.023527146851904046,0.0
2025-11-06,103885.16,104200.0,100300.95,101346.04,25814.62139,33.77291212462917,-2471.6936649363925,-1639.738501823467,-831.9551631129254,116101.44631889736,101740.77868110265,21396.6084005,1.2064819296032336,0,94783.414,0,-0.024441604556416086,-0.0
2025-11-07,101346.04,104096.36,99260.86,103339.08,32059.50942,36.29754196906306,-2579.680339290091,-1827.7268693167919,-751.9534699732992,116300.26022542063,101157.37177457941,22443.4244885,1.428458898348034,1,94608.49,0,0.01966569192047385,0.0
2025-11-08,103339.09,103406.22,101454.0,102312.94,12390.77985,33.543250996662195,-2716.7445389769855,-2005.5304032488307,-711.2141357281548,116509.82023826517,100314.82776173482,22288.9302695,0.5559163091355465,0,95297.484,0,-0.009929834869828569,-0.0
2025-11-09,102312.95,105495.62,101400.0,104722.96,16338.97096,32.34288455103821,-2600.9186607946176,-2124.6080547579886,-476.310606036629,116315.38951852568,99928.34548147433,22146.2067375,0.737777406021111,1,95529.266,0,0.023555378234659363,0.0
2025-11-10,104722.95,106670.11,104265.02,106011.13,22682.25673,35.88987419511575,-2377.7717914404057,-2175.240802094472,-202.53098934593345,116254.37029076305,99760.71070923696,21418.9187445,1.0589823417591706,1,96483.01,0,0.012300740926345144,0.0
2025-11-11,106011.13,107500.0,102476.09,103058.99,24196.50718,33.83443847877662,-2411.342856288931,-2222.461212933364,-188.88164335556712,116320.90399925943,99243.3320007406,21198.204878,1.1414413304926452,0,96345.89,0,-0.027847453375886122,-0.0
2025-11-12,103059.0,105333.33,100813.59,101654.37,20457.63906,35.554779795903855,-2522.2147406427393,-2282.4119184752394,-239.80282216749993,116246.82384987363,98475.03115012635,21342.432184,0.958543004078827,0,95811.78,0,-0.013629281637633106,-0.0
2025-11-13,101654.37,104085.01,98000.4,99692.02,36198.50771,35.23367140237059,-2736.877729915461,-2373.305080763284,-363.57264915217684,116133.2721680734,97457.29583192663,22402.099113,1.615853386212094,0,96046.52,0,-0.0193041381300183,-0.0
2025-11-14,99692.03,99866.02,94012.45,94594.0,47288.14481,27.277451904173702,-3280.551151939202,-2554.7542949984677,-725.7968569407344,116455.72884461867,95429.61215538134,24446.1079215,1.9343833775850574,0,95776.5,1,-0.05113769386957956,-0.0
2025-11-15,94594.0,96846.68,94558.49,95596.24,15110.89391,28.38758694527307,-3589.170144670745,-2761.637464932923,-827.5326797378216,115654.93023451607,94334.09476548393,24528.928748500002,0.6160437769188785,1,95752.14,1,0.010595175169672455,0.010595175169672455
2025-11-16,95596.23,96635.11,93005.55,94261.44,23889.4051,26.367209162285917,-3896.543200005486,-2988.618611947436,-907.9245880580502,114784.91108671529,93219.49291328472,24650.887383,0.9691093358559927,0,95323.06,1,-0.013962892264381965,-0.013962892264381965
2025-11-17,94261.45,96043.0,91220.0,92215.14,39218.59806,27.91641254789323,-4256.195101478515,-3242.1339098536523,-1014.0611916248631,114119.33105706962,91816.74194293038,25835.646157500003,1.5180033749074615,0,95149.34,1,-0.02170877083991085,-0.02170877083991085
2025-11-18,92215.14,93836.01,89253.78,92960.83,39835.14769,34.85950453679759,-4429.984766718335,-3479.7040812265896,-950.2806854917453,113599.66541962343,90630.36158037657,26773.417854,1.487861875059353,1,95909.66,1,0.0080864161785148,0.0080864161785148
2025-11-19,92960.83,92980.22,88608.0,91554.96,32286.6376,27.34128868457384,-4627.809777755552,-3709.325220532382,-918.4845572231702,113289.1618865157,89264.07311348431,27088.308315000002,1.1919030610752999,0,95107.984,1,-0.015123251373723723,-0.015123251373723723
2025-11-20,91554.96,93160.0,86100.0,86637.23,39733.19073,25.143229505531664,-5122.359860160737,-3991.9321484580532,-1130.427711702684,113137.77153595336,87118.38546404665,27999.057632,1.419090286974127,0,94477.35,1,-0.05371341978632305,-0.05371341978632305
2025-11-21,86637.22,87498.94,80600.0,85129.43,72256.12679,18.713973559792862,-5571.733743980614,-4307.892467562566,-1263.8412764180484,112631.84245322166,85127.44754677832,31242.938756,2.3127186387395673,0,97471.695,1,-0.01740360350856096,-0.01740360350856096
2025-11-22,85129.42,85620.0,83500.0,84739.74,14193.93263,19.132393527027887,-5891.398140204386,-4624.59360209093,-1266.8045381134561,111574.60268477433,83604.59331522566,31347.285344000004,0.45279623017553494,0,95160.9,1,-0.00457761786963673,-0.00457761786963673
2025-11-23,84739.75,88127.64,84667.57,86830.0,19734.46418,18.213665471930327,-5907.964625676512,-4881.267806808047,-1026.696818868465,110702.22230792856,82501.66969207143,30899.949163500005,0.6386568494200299,1,95170.54,1,0.02466682102163631,0.02466682102163631
2025-11-24,86830.0,89228.0,85272.0,88300.01,24663.12795,18.738668263229528,-5736.351078674052,-5052.284461181248,-684.0666174928037,110310.43249523478,81573.73850476522,29606.361873000005,0.8330347394859052,1,95409.586,1,0.01692974778302414,0.01692974778302414
2025-11-25,88300.01,88519.99,86116.0,87369.96,19567.0411,20.17910370596489,-5610.716521009177,-5163.9708731468345,-446.7456478623426,109460.852712819,80771.79828718101,28895.775142499995,0.6771592387989182,0,95419.73,1,-0.010532841389259029,-0.010532841389259029
2025-11-26,87369.97,90656.08,86306.77,90484.02,21675.82239,30.06353411598913,-5199.930055362798,-5171.162709590028,-28.767345772770568,108746.10948749415,80400.33951250587,28688.835192499995,0.7555490574837498,1,96053.836,1,0.035642227603171595,0.035642227603171595
2025-11-27,90484.01,91950.0,90089.91,91333.95,16833.50932,34.46596871288672,-4751.02966141919,-5087.13609995586,336.1064385366699,107588.61067922921,80357.3253207708,27927.535187499998,0.6027567132932827,1,96189.734,1,0.009393150304329856,0.009393150304329856
2025-11-28,91333.94,93092.0,90180.63,90890.7,18830.86012,41.67710970312409,-4380.5432597662875,-4945.817531917946,565.2742721516588,106492.66483820311,80311.04716179689,28249.539201,0.6665899923540491,0,95701.72,1,-0.004853069422706469,-0.004853069422706469
2025-11-29,90890.71,91165.65,90155.47,90802.44,7429.88291,38.7647243563001,-4047.3960988158215,-4766.133245297521,718.7371464816997,104696.21724708047,80715.44275291954,27804.0847985,0.2672227107579831,0,97122.04,1,-0.000971056444718732,-0.000971056444718732
2025-11-30,90802.44,92000.01,90336.9,90360.0,9687.74175,40.456985696632394,-3775.55355278551,-4568.017306795119,792.4637540096091,102174.1127660367,81672.43423396329,27154.359049499995,0.3567656202947049,0,96688.81,1,-0.004872556288134988,-0.004872556288134988
2025-12-01,90360.01,90417.0,83822.76,86286.01,34509.01227,36.80599474031587,-3844.5359050092084,-4423.321026437937,578.7851214287284,100178.71184198232,81990.53715801769,27669.984304,1.247164143313639,0,93948.15,1,-0.0450862107127048,-0.0450862107127048
2025-12-02,86286.01,92307.65,86184.39,91277.88,28210.22732,46.850202562510276,-3456.5576806259633,-4229.968357275542,773.4106766495788,98185.31465907906,82946.28534092098,28057.613717,1.0054392937524668,1,92765.734,1,0.05785259974357393,0.05785259974357393
2025-12-03,91277.88,94150.0,90990.23,93429.95,25712.52585,53.41386330854823,-2941.520066871264,-3972.2786991946864,1030.7586323234223,96720.84607659093,83784.54692340909,27533.314624000002,0.9338696121820047,1,91130.79,0,0.023577125147954625,0.023577125147954625
2025-12-04,93429.95,94080.0,90889.0,92078.06,19803.94059,61.38459973961703,-2612.322049634735,-3700.287369282696,1087.9653196479612,96332.060223366,83921.73877663403,26159.104413,0.7570572859580871,0,91884.99,0,-0.014469557138797606,-0.0
2025-12-05,92078.06,92692.36,88056.0,89330.04,19792.97218,58.35583444960354,-2543.8485939692473,-3468.999614220006,925.1510202507588,95463.96684276251,84163.21215723746,26393.208326500004,0.7499267211151037,0,92500.08,1,-0.029844460232980596,-0.0
2025-12-06,89330.04,90289.97,88908.01,89236.79,8409.50016,59.052269886289274,-2468.6503185165784,-3268.929755079321,800.2794365627424,94812.70230715728,84312.0116928427,25619.2130795,0.3282497449825701,0,92442.484,1,-0.0010438817669845557,-0.0010438817669845557
2025-12-07,89236.8,91760.0,87719.28,90395.31,13021.11185,57.45643332813275,-2289.1839737201517,-3072.9805988074872,783.7966250873355,94589.54901318473,84353.18198681527,24309.338768999998,0.5356423707667818,1,93413.76,1,0.01298253780755676,0.01298253780755676
2025-12-08,90395.32,92287.15,89612.0,90634.34,15793.63887,55.14699494589805,-2103.420951743232,-2879.0686693946363,775.6477176514045,94239.72342052119,84470.35857947881,23107.263328,0.6834924000222135,1,93723.84,1,0.0026442743544992098,0.0026442743544992098
2025-12-09,90634.35,94588.99,89500.0,92678.8,21240.43014,61.1572255773602,-1770.8186872115475,-2657.4186729580188,886.5999857464712,94426.58124578033,84395.88475421966,22554.952955,0.9417191063256642,1,93449.02,1,0.022557233825501566,0.022557233825501566
2025-12-10,92678.81,94476.0,91563.15,92015.37,18998.68083,53.58791138502022,-1542.9757883652055,-2434.530096039456,891.5543076742506,94645.7136511436,84714.5663488564,21518.227460000002,0.8829110513547848,0,92158.266,1,-0.007158379262571457,-0.007158379262571457
2025-12-11,92015.38,93555.0,89260.63,92513.38,19972.58758,52.80970665350391,-1307.1553315668862,-2209.055143144942,901.899811578056,94676.77351887693,85421.90148112306,18904.0504995,1.056524239634689,1,91515.35,0,0.005412247975528528,0.005412247975528528
2025-12-12,92513.38,92754.0,89480.0,90268.42,16679.19169,48.63476406525612,-1286.584485567466,-2024.561011629447,737.9765260619811,94220.17736427243,86431.36563572758,19028.3134525,0.876545981420578,0,92652.73,1,-0.02426632774632176,-0.0
2025-12-13,90268.43,90634.55,89766.39,90240.01,5895.70788,48.76282151396699,-1258.0721192081546,-1871.263233145189,613.1911139370343,94027.96055288179,86964.58344711823,18336.3756375,0.3215307101335009,0,91181.38,1,-0.00031472800786813693,-0.00031472800786813693
2025-12-14,90240.0,90472.4,87577.36,88172.17,9416.94004,45.5085965326463,-1386.35226386445,-1774.2810392890412,387.9287754245913,94038.72652408348,86941.03347591653,17574.066242,0.5358429808062629,0,89520.5,1,-0.022914891077693733,-0.022914891077693733
2025-12-15,88172.16,90052.64,85146.64,86432.08,19778.6919,50.3316478860768,-1609.8683627961436,-1741.398503990462,131.53014119431828,94184.94831755485,86701.02368244516,17584.648781999997,1.1247703690417674,0,91254.74,1,-0.019735138649757622,-0.019735138649757622
2025-12-16,86432.08,88175.98,85266.0,87863.42,18456.05017,40.75239473667104,-1652.4607666566153,-1723.6109565236925,71.15018986707719,94227.37596603988,86396.53603396013,17423.660171,1.0592521886255744,1,89646.77,1,0.016560286412174774,0.016560286412174774
2025-12-17,87863.43,90365.85,85314.0,86243.22,19834.11729,29.95830881594253,-1796.2461455597804,-1738.1379943309103,-58.108151228870156,94337.95816457109,85776.88083542889,17573.6905695,1.1286256129047294,0,89556.42,1,-0.018439983328670806,-0.018439983328670806
2025-12-18,86243.23,89477.61,84450.01,85516.41,25405.41763,31.040482837572284,-1946.407611702598,-1779.7919178052477,-166.61569389735018,94501.87947423874,85075.53052576123,17902.418445,1.4191053408817806,0,88146.56,1,-0.008427445079160933,-0.008427445079160933
2025-12-19,85516.41,89399.97,85110.24,88136.94,21256.65004,46.52701771218059,-1832.8290725073166,-1790.3993487456617,-42.42972376165494,94398.55775263051,84912.3022473695,18593.7568015,1.143214373885173,1,90422.23,1,0.03064359226492308,0.03064359226492308
2025-12-20,88136.95,88573.07,87795.76,88360.9,5123.13194,47.469636153849265,-1705.0903415422945,-1773.3375473049882,68.24720576269374,94320.29251271316,84790.65748728685,18365.526311,0.2789537230376844,1,89781.46,1,0.002541045786250251,0.002541045786250251
2025-12-21,88360.91,89081.77,87600.04,88658.86,7132.87258,44.72108338101165,-1561.8100213669386,-1731.0320421173783,169.2220207504397,94208.76898387045,85139.46601612956,16996.7193265,0.4196617266532704,1,89692.914,1,0.003372079732098854,0.003372079732098854
2025-12-22,88658.87,90588.23,87900.0,88620.79,14673.2197,43.80296280885162,-1434.791878535907,-1671.784009401084,236.99213086517693,94033.57204601339,85048.9539539866,16319.868945499999,0.8991015644182583,0,90198.125,1,-0.00042939870871350205,-0.00042939870871350205
2025-12-23,88620.79,88940.0,86601.9,87486.0,13910.32904,33.07034245324847,-1409.449893371595,-1619.3171861951864,209.86729282359147,93429.11872907283,85059.01227092717,15729.759105,0.8843319816371722,0,89276.81,1,-0.012805008847246668,-0.012805008847246668
2025-12-24,87486.0,88049.89,86420.0,87669.45,9140.8432,35.37359606150069,-1358.898766608996,-1567.2335022779484,208.33473566895236,93041.24838053819,85006.02161946183,15196.604235499999,0.6015056428624067,1,88858.72,1,0.002096906933680698,0.002096906933680698
2025-12-25,87669.44,88592.74,86934.72,87225.27,7096.58235,32.13788938287149,-1339.2403195259394,-1521.6348657275469,182.39454620160745,93011.76756911786,84825.02543088215,14561.784744,0.4873428961325676,0,88719.84,1,-0.00506653115766087,-0.00506653115766087
2025-12-26,87225.27,89567.75,86655.08,87369.56,18344.61505,38.5888904984443,-1297.0660909619764,-1476.7211107744329,179.65501981245643,92972.64571510685,84677.42428489316,15058.540488499999,1.21821999044393,1,89604.21,1,0.0016542224518192317,0.0016542224518192317
2025-12-27,87369.56,87984.0,87253.05,87877.01,4469.55156,41.036312984790165,-1208.7618823610246,-1423.1292650917514,214.36738273072683,92798.63475022743,84599.60524977256,14630.962474,0.30548581940132996,1,88460.97,1,0.005808086935541468,0.005808086935541468
2025-12-28,87877.0,88088.75,87435.0,87952.71,4446.29285,49.01928889731003,-1119.7638627179986,-1362.456184617001,242.69232189900254,92572.4289123752,84557.6480876248,14063.595173,0.31615620296979374,1,89688.79,1,0.0008614312207482211,0.0008614312207482211
2025-12-29,87952.71,90406.08,86806.5,87237.13,19894.98575,53.9601802778546,-1094.3585326533066,-1308.8366542242622,214.47812157095564,91836.3941201867,84749.5158798133,13996.3229535,1.4214437474826163,0,90641.836,1,-0.008135963064696994,-0.008135963064696994
2025-12-30,87237.13,89400.0,86845.66,88485.49,13105.91001,53.11616788544216,-962.398475962691,-1239.5490185719482,277.1505426092572,91201.17739730327,85031.74460269672,13701.6844125,0.9565181634196392,1,90342.63,1,0.014309961824741313,0.014309961824741313
2025-12-31,88485.5,89200.0,87250.0,87648.22,11558.62047,57.63719777352584,-914.8342323906982,-1174.6060613356983,259.77182894500015,90162.83047125065,85583.57552874937,13280.986056999998,0.8703134255538058,0,89375.86,1,-0.009462229344042727,-0.009462229344042727
2026-01-01,87648.21,88919.45,87550.43,88839.04,6279.57133,67.19358834907644,-772.1491500207194,-1094.1146790727025,321.96552905198314,89853.43376107165,85750.03423892835,12761.005039,0.49209065514890593,1,89086.45,1,0.013586356916318376,0.013586356916318376
2026-01-02,88839.05,90961.81,88379.88,89995.13,17396.97301,61.33323249536166,-559.3357191038667,-987.1588870789353,427.8231679750686,89781.99117455856,85796.98882544143,13336.0682955,1.3045053927828396,1,89701.164,0,0.013013310364452524,0.013013310364452524
2026-01-03,89995.14,90741.16,89314.01,90628.01,7057.46716,63.17032052227925,-335.7411995068396,-856.8753495645163,521.1341500576767,90272.78969397073,85551.77430602926,13218.0946515,0.533924695356839,1,88289.805,0,0.007032380529924165,0.0
2026-01-04,90628.01,91810.0,90628.0,91529.73,10426.5297,65.58451357938907,-84.80211777689692,-702.4607032069924,617.6585854300955,90922.5463731969,85411.78262680306,12750.486541499999,0.8177358303986254,1,92920.67,1,0.00994968332637991,0.0
2026-01-05,91529.74,94789.08,91514.81,93859.71,20673.59584,72.77284361046591,298.63633221411146,-502.24129612277164,800.8776283368832,92210.82033939038,84723.13766060963,12861.363824999999,1.607418631592906,1,93795.86,0,0.025455991184503812,0.025455991184503812
2026-01-06,93859.71,94444.44,91262.94,93747.97,18546.41829,79.87720799922894,586.734076996654,-284.4462214988865,871.1802984955405,93114.65820550318,84569.77479449684,12796.978875,1.4492809960194608,0,92862.56,0,-0.0011905001624232803,-0.0
2026-01-07,93747.97,93747.97,90675.52,91364.16,14276.49025,64.56919511004452,615.6037735983846,-104.4362224794322,720.0399960778168,93246.07069287653,85023.13730712348,12240.532506,1.1663291807772274,0,94106.92,1,-0.02542785726453589,-0.0
2026-01-08,91364.16,91687.99,89311.0,91099.99,16132.79117,65.49905358940018,610.1336638293724,38.47775478232875,571.6559090470437,93455.93344577319,85109.57955422679,11984.339562500001,1.3461560468864593,0,91880.414,1,-0.0028913963637382523,-0.0028913963637382523
2026-01-09,91100.0,92082.55,89694.66,90641.28,15590.27939,62.76591427688483,562.3026243940694,143.24272870467692,419.05989568939253,93588.46998702704,85205.08101297297,12507.696935,1.2464548406488871,0,92239.54,1,-0.0050352365571061375,-0.0050352365571061375
2026-01-10,90641.27,90832.0,90404.0,90504.7,3104.11722,60.55856071607379,507.5248855271493,216.09916006917146,291.4257254579778,93693.6153846251,85284.51961537488,12306.259167,0.25223889549830736,0,92814.22,1,-0.0015068189681346489,-0.0015068189681346489
2026-01-11,90504.7,91283.89,90236.0,91013.65,5477.13594,61.88561319472589,499.4240942721517,272.76414690976753,226.65994736238417,93845.28597592692,85372.13502407311,11846.454979,0.46234387837620805,1,92288.98,1,0.005623464858730998,0.005623464858730998
2026-01-12,91013.66,92519.95,90128.44,91296.2,16188.08268,66.30983081303441,509.9254789666884,320.19641332115174,189.72906564553665,93976.13841734477,85622.30258265525,11960.342660999999,1.3534798407394895,1,93182.016,1,0.003104479383037706,0.003104479383037706
2026-01-13,91296.2,96495.0,91042.66,95414.0,23021.51482,72.62286399787888,840.827413083869,424.3226132736952,416.50479981017384,94929.58663075016,85443.30936924985,12654.376242,1.819253227479626,1,93597.41,0,0.04510373925749378,0.04510373925749378
2026-01-14,95413.99,97924.49,94559.28,96951.78,22851.89428,79.04896968697814,1213.1708952203044,582.0922696630172,631.0786255572872,96084.91134821676,85260.63565178323,13442.1418385,1.7000188329027504,1,95176.04,0,0.01611692204498283,0.0
2026-01-15,96951.78,97193.34,95134.48,95604.8,21725.81369,70.92105377080894,1383.6162912506115,742.3970739805361,641.2192172700754,96688.21997392502,85480.85102607498,13611.2017705,1.5961715986818343,0,94506.29,0,-0.013893298297359746,-0.0
2026-01-16,95604.81,95871.47,94293.46,95550.94,11167.7146,68.43639061795875,1497.0919002059818,893.3360392256254,603.7558609803564,97196.68669633714,85739.77730366286,13946.109922499998,0.8007763212867363,0,93170.97,0,-0.0005633608354392861,-0.0
2026-01-17,95550.94,95639.45,95021.67,95147.77,4280.80137,65.23055978649128,1536.7747060803522,1022.0237725965708,514.7509334837814,97530.50204865987,86125.46795134016,13937.8353485,0.3071353092473361,0,92291.19,0,-0.00421942473825998,-0.0
2026-01-18,95147.77,95531.12,93615.4,93673.14,6895.17819,56.95428698612848,1432.7178194453882,1104.1625819663343,328.55523747905386,97475.4209083109,86824.1500916891,13287.8449705,0.5189086872482186,0,93677.445,1,-0.015498313833314237,-0.0
2026-01-19,93673.14,93673.14,91910.2,92631.0,14295.52747,45.6499280953517,1251.7308248516783,1133.676230543403,118.05459430827523,97397.24912538193,87316.87287461807,13347.325843499999,1.0710405692958913,0,91500.74,0,-0.011125280950334271,-0.011125280950334271
2026-01-20,92630.99,92870.0,87895.98,88427.66,22007.3261,35.39537521541939,760.3579849295202,1059.0125814206265,-298.6545964911063,97292.93298460325,87499.13301539674,13869.761125,1.586712698341443,0,89595.45,1,-0.045377249516900364,-0.0
2026-01-21,88427.66,90574.0,87263.53,89454.73,20617.50372,44.336633698605894,448.64572590298485,936.9392103170982,-488.2934844141133,97236.53026871225,87617.10473128776,14586.6577445,1.4134494742480657,1,89285.805,0,0.01161480468893994,0.01161480468893994
2026-01-22,89454.73,90359.99,88515.37,89559.67,10825.50492,45.387849208012675,207.68522978929104,791.0884142115367,-583.4031844222457,97264.78891122836,87545.30008877165,14258.084339999998,0.7592538143171063,1,89086.36,0,0.0011731073359675381,0.0
2026-01-23,89559.68,91224.99,88578.36,89600.26,13918.48919,46.80283875437795,19.76968178237439,636.8246677257043,-617.0549859433299,97313.22936592101,87394.084634079,14601.1354415,0.9532470434073399,1,90442.1,1,0.0004532173912654702,0.0
2026-01-24,89600.26,89957.39,89162.08,89225.34,4226.56737,46.12754499137948,-157.59104308664973,477.9415255632335,-635.5325686498832,97382.25241928623,87094.62258071377,14291.137324999998,0.2957474463985672,0,89302.63,1,-0.004184362857875601,-0.004184362857875601
2026-01-25,89225.34,89319.13,86074.72,86670.36,14426.22019,38.30232025747721,-498.56903501439956,282.63941344770683,-781.2084484621064,97525.95478452307,86231.98521547693,13978.7685425,1.0320093752278394,0,89249.19,1,-0.02863513885181046,-0.02863513885181046
2026-01-26,86670.36,88860.0,86509.63,88347.08,17766.51453,42.61202509955449,-626.2798943878297,100.85555188059946,-727.1354462684292,97394.43701951351,85823.41398048648,13939.7733545,1.2745196122047897,1,89360.42,1,0.019345944795891024,0.019345944795891024
2026-01-27,88347.08,89523.16,87304.33,89250.0,13125.40425,31.593450565096575,-647.1733609124494,-48.750230678010354,-598.4231302344391,97384.03050440666,85622.40449559334,13882.2190545,0.9454831535557224,1,89171.445,0,0.010220145363038613,0.010220145363038613
2026-01-28,89249.99,89616.48,88833.65,89552.35,3650.66159,26.144122522908233,-632.0486026520957,-165.40990507282746,-466.6386975792683,97369.38307917512,85482.28792082488,13258.1125755,0.27535303907029346,1,88426.625,0,0.003387675070028129,0.0
